STATION_ID,STATION,BEGIN_DATE,END_DATE,STATE,COUNTRY,LATITUDE,LONGITUDE,ELEVATION
69841499999,319 MISSILE SQ,2001-03-20,2001-04-11,CO,US,40.5,-103.833,1880
72577199999,726710,1976-04-05,1978-03-14,WY,US,42.533,-110.117,2079
99725899999,9014098 - FORT GRATIOT  MI,2006-09-16,2020-04-07,null,US,43.01,-82.42,180.1
99726499999,9052030 - OSWEGO  NY,2004-11-23,2020-04-07,null,US,43.46,-76.51,78
99725499999,9063020 - BUFFALO  NY,2004-11-23,2020-04-07,null,US,42.88,-78.89,178.3
99726099999,9075014 - HARBOR BEACH  MI,2004-11-23,2020-04-07,null,US,43.85,-82.64,179.2
99725799999,9075099 - DE TOUR VILLAGE  MI,2004-11-23,2020-04-07,null,US,45.99,-83.9,179.6
99726199999,9087023 - LUDINGTON  MI,2004-11-23,2020-04-07,null,US,43.95,-86.44,179.4
99725599999,9087044 - CALUMET  IL,2004-11-23,2020-04-07,null,US,41.73,-87.54,179.4
99726599999,9099004 - POINT IROQUOIS  MI,2004-11-23,2020-04-07,null,US,46.49,-84.63,186.1
99726299999,9099018 - MARQUETTE C.G.  MI,2004-12-27,2020-04-07,null,US,46.55,-87.38,187.5
99725999999,9099090 - GRAND MARAIS  MN,2004-12-17,2020-04-07,null,US,47.75,-90.34,186.2
72249999999,A L MANGHAM JR RGNL,1992-02-27,2014-06-09,TX,US,31.578,-94.71,108
72249953948,A L MANGHAM JR RGNL ARPT,2006-01-01,2020-04-08,TX,US,31.57778,-94.70944,108.2
72058700184,ABBEVILLE CHRIS CRUSTA MEMORIAL AIRPORT,2009-01-01,2020-04-08,LA,US,29.976,-92.084,15.24
99999954933,ABERDEEN 35 WNW,2007-06-27,2020-04-08,SD,US,45.7115,-99.1296,596.49
99999914929,ABERDEEN MUNICIPAL ARPT,1948-01-01,1972-12-31,SD,US,45.443,-98.413,396.2
72659014929,ABERDEEN REGIONAL AIRPORT,1973-01-01,2020-04-08,SD,US,45.44358,-98.41384,395.62
99999913910,ABILENE DYESS AAF,1971-01-01,1971-01-01,TX,US,32.433,-99.85,545.3
69019013910,ABILENE DYESS AFB,1943-12-01,2019-07-10,TX,US,32.433,-99.85,545.3
72266513910,ABILENE DYESS AFB,1973-01-01,1988-12-31,TX,US,32.433,-99.85,545.3
72266013962,ABILENE REGIONAL AIRPORT,1946-08-01,2020-04-08,TX,US,32.41063,-99.68208,544.78
72439093822,ABRAHAM LINCOLN CAPITAL AIRPORT,1973-01-01,2020-04-08,IL,US,39.84529,-89.68401,179.73
72228403892,ABRN-OPLKA R G PITTS ARPT,2006-01-01,2020-04-08,AL,US,32.61611,-85.43333,236.52
72231453915,ACADIANA REGIONAL AIRPORT,2006-01-01,2020-04-08,LA,US,30.02916,-91.88456,4.84
72402699999,ACCOMACK CO,1976-11-20,2014-05-14,VA,US,37.647,-75.761,14
72402603716,ACCOMACK COUNTY AIRPORT,2006-01-01,2020-04-08,VA,US,37.64667,-75.76083,14.33
99799099999,ACE BASIN RESERVE,2007-10-16,2020-04-07,SC,US,32.55,-80.45,5
99999923057,ACOMITA FAA AP,1948-07-01,1953-04-29,NM,US,35.05,-107.717,2007.1
72204499999,ADA MUNI,2004-03-19,2014-06-09,OK,US,34.8,-96.667,310
72204453930,ADA MUNICIPAL AIRPORT,2006-01-01,2020-04-08,OK,US,34.80417,-96.67111,309.68
70454099999,ADAK (NAS),2000-01-03,2014-05-07,AK,US,51.883,-176.65,5
99999925701,ADAK DAVIS AFB,1949-01-01,1950-07-01,AK,US,51.883,-176.65,4.9
70454025704,ADAK NAS,1942-10-30,2020-03-31,AK,US,51.88333,-176.65,5.18
72340313963,ADAMS FIELD AIRPORT,1990-03-01,2020-04-08,AR,US,34.72727,-92.2358,76.4
72045199999,ADDINGTON FLD,2016-11-10,2020-04-07,KY,US,37.686,-85.925028,236.22
72259899999,ADDISON,1974-02-01,2014-06-09,TX,US,32.967,-96.833,196
72259803970,ADDISON AIRPORT,2006-01-01,2020-04-08,TX,US,32.96861,-96.83639,196.29
72622894740,ADIRONDACK REGIONAL ARPT,2006-01-01,2020-04-08,NY,US,44.39279,-74.20288,505.57
72622899999,ADIRONDACK RGNL,1973-01-01,2014-06-09,NY,US,44.383,-74.2,507
72540404847,ADRIAN LENAWEE COUNTY ARPT,2006-01-01,2020-04-08,MI,US,41.86784,-84.07946,244.05
99999993825,ADVANCE 1 S,1948-01-01,1949-12-01,MO,US,37.1,-89.9,109.7
72407799999,AEROFLEX ANDOVER,2000-03-28,2014-06-04,NJ,US,41.017,-74.733,178
72407754779,AEROFLEX-ANDOVER AIRPORT,2006-01-01,2020-04-08,NJ,US,41.00928,-74.73633,176.78
72051699999,AFTON MUNI,2013-11-13,2020-04-07,WY,US,42.711247,-110.942164,1896.16
72446453916,AGRICULTURAL SCIENCE CENTER,2006-01-01,2020-04-08,MO,US,39.819848,-93.576951,231.01
72060199999,AIKEN MUNI,2009-01-05,2018-05-15,SC,US,33.649444,-81.685,160.93
72060100193,AIKEN MUNICIPAL AIRPORT,2009-01-05,2020-04-08,SC,US,33.65,-81.683,161.24
72555699999,AINSWORTH MUNICIPAL,1943-02-24,2014-06-04,NE,US,42.579,-100,789
72555694975,AINSWORTH MUNICIPAL ARPT,2006-01-01,2020-04-08,NE,US,42.57694,-100.00056,787.6
74531099999,AIR FORCE ACADEMY,2000-01-03,2014-06-09,CO,US,38.967,-104.817,1999
72429699999,AIRBORNE AIRPARK,2000-01-01,2014-06-02,OH,US,39.433,-83.8,328
72429613841,AIRBORNE AIRPARK AIRPORT,1943-08-01,2020-04-08,OH,US,39.43084,-83.777,324.93
72656299999,AIRLAKE,1996-01-01,2014-06-02,MN,US,44.629,-93.228,293
72657399999,AIRLAKE,1993-01-28,1996-08-15,MN,US,44.633,-93.233,292
72656204943,AIRLAKE AIRPORT,2006-01-01,2020-04-08,MN,US,44.62778,-93.22806,292.61
72750499999,AITKIN MUNI KURTZ FL,1992-08-27,2014-06-04,MN,US,46.55,-93.683,367
99999953168,AJO 29 S,2010-09-28,2014-06-01,AZ,US,31.9497,-112.8013,506.27
72280699999,AJO MUNI,1942-01-15,1946-01-20,AZ,US,32.450058,-112.867378,444.39
70268699999,AKIAK,2006-05-01,2017-11-30,AK,US,60.902889,-161.230583,9.14
99999994092,AKRON A 4 E,2009-06-15,2014-06-01,CO,US,40.1551,-103.1417,1384.4
99999914895,AKRON AKRON-CANTON AIRPORT,1948-07-01,1972-12-31,OH,US,40.917,-81.433,376.7
99999914813,AKRON FULTON INTERNATIONAL AP,1948-01-01,1948-07-01,OH,US,41.038,-81.464,335.6
72430399999,AKRON FULTON INTL,2000-01-01,2014-06-04,OH,US,41.033,-81.467,325
72430314813,AKRON FULTON INTL AIRPORT,1999-08-31,2020-04-08,OH,US,41.03732,-81.46341,318.13
99999914896,AKRON NAS,1952-01-01,1957-11-30,OH,US,41.033,-81.483,323.1
99999924015,AKRON WASHINGTON CO AP,1948-01-01,1955-01-01,CO,US,40.167,-103.217,1408.5
72521014895,AKRON-CANTON REGIONAL AIRPORT,1973-01-01,2020-04-08,OH,US,40.91811,-81.44342,368.76
72269399999,ALAMOGORDO WHITE SA,1987-01-18,2014-06-09,NM,US,32.833,-105.983,1280
72269393097,ALAMOGORDO-WHITE SANDS RGL AIRPORT,2006-01-01,2020-04-08,NM,US,32.83972,-105.99056,1280.16
99999923061,ALAMOSA ARPT,1948-01-01,1972-12-31,CO,US,37.439,-105.861,2298.5
99999914735,ALBANY COUNTY AP,1945-01-01,1972-12-31,NY,US,42.743,-73.809,89
72518014735,ALBANY INTERNATIONAL AIRPORT,1946-01-01,2020-04-08,NY,US,42.74722,-73.79913,85.42
72216099999,ALBANY MUNICIPAL,2000-01-01,2014-06-09,GA,US,31.533,-84.183,59
99999913869,ALBANY MUNICIPAL AP,1948-01-01,1954-08-01,GA,US,31.536,-84.194,58.8
99999913815,ALBANY NAVAL AIR STN,1972-01-01,1972-12-31,GA,US,31.583,-84.117,66.1
72306993753,ALBERT J ELLIS AIRPORT,2006-01-01,2020-04-08,NC,US,34.83333,-77.61667,29.26
72658999999,ALBERT LEA (AWOS),1986-03-31,2014-06-09,MN,US,43.683,-93.367,383
72658994968,ALBERT LEA MUNICIPAL ARPT,2006-01-01,2020-04-08,MN,US,43.68333,-93.36667,383.74
72208299999,ALBERTUS,2004-07-13,2014-06-02,IL,US,42.246,-89.582,262
72208204876,ALBERTUS AIRPORT,2006-01-01,2020-04-08,IL,US,42.24611,-89.58222,261.82
72344199999,ALBION MUNI,2004-08-24,2014-06-09,NE,US,41.733,-98.05,550
72344154921,ALBION MUNICIPAL AIRPORT,2006-01-01,2020-04-08,NE,US,41.73,-98.05444,548.34
72365023050,ALBUQUERQUE INTL SUNPORT AIRPORT,1941-07-01,2020-04-08,NM,US,35.04189,-106.61545,1618.4
99999923050,ALBUQUERQUE MUNICIPAL ARPT,1971-01-01,1972-12-31,NM,US,35.042,-106.616,1619.7
99999923583,ALEKNAGIK 1 NNE,2019-10-10,2020-04-08,AK,US,59.284,-158.6145,24.38
72645204826,ALEXANDER FD S WOOD CO APT,2006-01-01,2020-04-08,WI,US,44.35904,-89.83695,309.36
72645299999,ALEXANDER FLD SOUTH,1997-01-31,2014-06-02,WI,US,44.367,-89.833,311
99455099999,ALEXANDRIA BAY  NY,2004-02-13,2008-11-01,null,US,44.33,-75.93,76.2
74754099999,ALEXANDRIA INT,2000-01-01,2014-06-09,LA,US,31.317,-92.55,27
74754013934,ALEXANDRIA INT,1943-09-01,2014-06-04,LA,US,31.317,-92.55,27
74754093915,ALEXANDRIA INTL AIRPORT,2006-01-01,2020-04-08,LA,US,31.33464,-92.55849,25.03
99999993915,ALEXANDRIA INTL AIRPORT,2001-10-01,2005-12-31,LA,US,31.335,-92.559,24.4
99999914910,ALEXANDRIA MUNICIPAL AP,1948-12-01,1955-01-01,MN,US,45.868,-95.394,436.2
99497299999,ALGOMA CITY MARINA,2006-04-03,2007-07-22,WI,US,44.6,-87.43,185
72545799999,ALGONA,1995-04-30,2014-06-09,IA,US,43.078,-94.272,372
72545704904,ALGONA MUNICIPAL AIRPORT,2006-01-01,2020-04-08,IA,US,43.07778,-94.27194,371.55
72251712932,ALICE INTERNATIONAL ARPT,1946-08-01,2020-04-08,TX,US,27.74131,-98.02507,51.95
72251799999,ALICE INTL,2000-01-01,2014-06-04,TX,US,27.733,-98.017,54
72520599999,ALLEGHENY CO,2000-01-01,2014-06-09,PA,US,40.35,-79.917,382
72520514762,ALLEGHENY COUNTY AIRPORT,1973-01-01,2020-04-08,PA,US,40.3551,-79.92145,379.21
70267026415,ALLEN ARMY AIRFIELD,1945-10-15,2020-04-08,AK,US,63.99312,-145.72134,388.09
72401599999,ALLEN C PERKINSON BLACKSTONE AAF / FT PICKETT VIRGINIA USA,2014-06-24,2020-04-07,VA,US,37.074194,-77.957528,133.8
72586899999,ALLEN H TIGERT,1984-02-12,2007-12-31,ID,US,42.633,-111.583,1780
72586894184,ALLEN H TIGERT AIRPORT,2006-01-01,2012-09-27,ID,US,42.65,-111.58333,1779.73
72034653991,ALLEN PARISH AIRPORT,2005-04-08,2020-04-08,LA,US,30.75028,-92.68833,32.61
99999914737,ALLENTOWN BETHLEHEM-EASTON AR,1948-01-01,1972-12-31,PA,US,40.651,-75.449,117.3
72517199999,ALLENTOWN QUEEN CITY MUNI,2008-08-25,2013-04-30,PA,US,40.5666666,-75.4833333,122
72563599999,ALLIANCE MUNI,1942-11-22,2014-06-09,NE,US,42.05,-102.8,1198
72563524044,ALLIANCE MUNICIPAL AIRPORT,2006-01-01,2020-04-08,NE,US,42.05732,-102.80169,1196.29
99999913870,ALMA BACON COUNTY AP,1949-01-01,1959-01-01,GA,US,31.536,-82.507,62.8
72213599999,ALMA/BACON CO.,2010-08-01,2010-08-17,GA,US,31.533,-82.5,61
72213513870,ALMA/BACON CO.,1973-01-01,2010-07-31,GA,US,31.536,-82.507,62.8
74905799999,ALOE AAF,1944-06-08,1945-09-10,TX,US,28.767,-97.117,34
99735999999,ALPENA,2005-03-22,2020-04-07,MI,US,45.0666666,-83.4166666,179
72639094849,ALPENA COUNTY REGIONAL AIRPORT,1973-01-01,2020-04-08,MI,US,45.0716,-83.56451,208.25
99999994849,ALPENA PHELPS COLLINS FIELD,1959-09-01,1972-12-31,MI,US,45.072,-83.564,211.2
99999914814,ALPENA WASTEWATER PL,1948-01-01,1948-12-31,MI,US,45.067,-83.433,179.8
72101199999,ALPHA (BALFOUR),2014-11-25,2020-04-07,ND,US,47.967118,-100.58055,482.8
72097799999,ALPHA (BURNS),2013-02-26,2020-04-07,WY,US,41.3333333,-104.266666,1667.26
72099499999,ALPHA (RAYNESFORD),2013-10-25,2020-04-07,MT,US,47.2833333,-110.8,1219.2
70275827517,ALPINE AIRSTRIP,2006-01-01,2020-04-07,AK,US,70.34417,-150.94472,5.49
72015199999,ALPINE CASPARIS MUNI,2004-04-26,2014-06-04,TX,US,30.384,-103.684,1376
72015103049,ALPINE-CASPARIS MUNI ARPT,2006-01-01,2020-04-08,TX,US,30.38333,-103.68333,1375.56
72439499999,ALTON,1984-02-25,1984-02-29,IL,US,38.883,-90.05,166
99999914736,ALTOONA BLAIR CO ARPT,1949-02-01,1955-01-01,PA,US,40.296,-78.32,447.8
72512614736,ALTOONA-BLAIR COUNTY ARPT,1973-01-01,2020-04-08,PA,US,40.29993,-78.3168,446.61
72595099999,ALTURAS,1973-01-01,1976-03-05,CA,US,41.5,-120.533,1341
72595899999,ALTURAS MUNI,1983-11-21,2014-06-09,CA,US,41.483,-120.567,1333
72595894299,ALTURAS MUNICIPAL AIRPORT,2006-01-01,2020-04-07,CA,US,41.48362,-120.5615,1335.88
99999913902,ALTUS AAF,1971-01-01,1971-01-01,OK,US,34.65,-99.267,421.2
72352099999,ALTUS AFB,2000-01-03,2014-06-09,OK,US,34.65,-99.267,420
72352013902,ALTUS AFB AIRPORT,1943-02-01,2020-04-08,OK,US,34.65,-99.26667,421.23
72035463901,ALTUS/QUARTZ MOUNTAIN REGIONAL AIRPORT,2005-05-24,2020-04-08,OK,US,34.69861,-99.33806,436.78
72205253933,ALVA REGIONAL AIRPORT,2006-01-01,2020-04-08,OK,US,36.77306,-98.66972,449.28
72205299999,ALVA RGNL,2004-07-13,2014-06-09,OK,US,36.767,-98.667,449
99999953006,AMADO 23 W,2010-09-26,2014-06-01,AZ,US,31.6922,-111.4481,1005.84
72363023047,AMARILLO RICK HUSBAND INTL AIRPORT,1943-03-01,2020-04-08,TX,US,35.22027,-101.71733,1099.31
70171899999,AMBLER,1988-01-05,2014-06-09,AK,US,67.1,-157.85,102
70171826551,AMBLER AIRPORT,2006-01-01,2020-04-08,AK,US,67.1,-157.85,88.09
70454599999,AMCHITKA ISLAND,1943-01-31,1993-09-12,AK,US,51.383,179.267,69
72232899999,AMELIA / LAKE PALOURD,1984-01-06,2016-10-31,LA,US,29.7,-91.1,2
72547299999,AMES MUNI,1997-01-31,2014-06-09,IA,US,42,-93.617,291
72547294989,AMES MUNICIPAL AIRPORT,2006-01-01,2020-04-08,IA,US,41.99045,-93.61852,281.46
99999913751,ANACOSTIA NAS,1945-03-01,1961-10-31,MD,US,38.85,-77.033,15.8
70162599999,ANAKTUVUK PASS,1985-02-08,2014-05-07,AK,US,68.133,-151.733,641
70162526542,ANAKTUVUK PASS AIRPORT,2006-01-01,2020-04-08,AK,US,68.16667,-151.76667,640.08
99738199999,ANCHORAGE,2005-05-17,2020-04-07,AK,US,61.23,-149.88,3
99999926401,ANCHORAGE ELMENDORF AFB,2005-05-11,2005-12-31,AK,US,61.253,-149.794,64.9
99999926451,ANCHORAGE INTL AP,1953-11-01,1972-12-31,AK,US,61.169,-150.028,40.2
70272599999,ANCHORAGE LAKE HOOD,1993-12-21,2014-03-31,AK,US,61.183,-149.967,22
70272099999,ANCHORAGE/ELMENDORF,1941-03-10,2014-06-09,AK,US,61.25,-149.8,59
72227599999,ANDALUSIA OPP,1973-01-01,2014-06-04,AL,US,31.308752,-86.393778,94.48
99999953843,ANDALUSIA-OPP  MUNICIPAL AIRPORT,2005-06-21,2005-12-30,AL,US,31.30889,-86.39389,94.49
72227553843,ANDALUSIA-OPP MUNICIPAL AIRPORT,2006-01-03,2020-04-08,AL,US,31.30614,-86.39018,97.53
99999993846,ANDERSON COUNTY AP,1949-01-01,1959-01-01,SC,US,34.498,-82.71,235.6
72438599999,ANDERSON MUNI DARLIN,1987-12-03,2014-06-03,IN,US,40.117,-85.617,280
72319093846,ANDERSON REGIONAL AIRPORT,1996-01-01,2020-04-08,SC,US,34.498,-82.70924,233.75
72312593846,ANDERSON RGNL,1973-01-01,2010-07-31,SC,US,34.498,-82.71,235.6
72312599999,ANDERSON RGNL,2010-08-01,2010-08-17,SC,US,34.483,-82.7,244
70209399999,ANDREAFSKY/ST MARYS,1985-02-09,1989-10-11,null,CA,62.067,-163.3,95
72304899999,ANDREWS  ANDREWS-MURPHY AIRPORT,1999-01-14,2001-05-17,NC,US,35.19,-83.86,518
74594099999,ANDREWS AFB/CAMP SP,2000-01-01,2014-06-04,MD,US,38.817,-76.85,88
74594013705,ANDREWS AIR FORCE BASE AIRPORT,1943-06-19,2020-04-08,MD,US,38.81667,-76.86667,85.95
72103299999,ANDREWS CO,2012-04-17,2013-04-30,TX,US,32.331111,-102.529528,967.43
72217799999,ANDREWS MURPHY,2004-05-25,2014-06-02,NC,US,35.2,-83.867,517
72217763811,ANDREWS-MURPHY AIRPORT,2006-01-01,2020-04-08,NC,US,35.195,-83.86528,516.94
72041199999,ANGEL FIRE,2008-01-07,2018-05-14,NM,US,36.4166666,-105.28991,2554.22
72041100137,ANGEL FIRE AIRPORT,2009-01-01,2020-04-08,NM,US,36.422,-105.29,2554.22
72244693987,ANGELINA COUNTY AIRPORT,1973-01-01,2020-04-08,TX,US,31.23593,-94.75468,87.09
70232099999,ANIAK,2000-01-01,2014-06-09,AK,US,61.583,-159.533,26
99999926516,ANIAK AIRPORT,1948-07-01,1970-04-20,AK,US,61.583,-159.533,25.9
70232026516,ANIAK AIRPORT,1973-01-02,2020-04-08,AK,US,61.58159,-159.54304,25.91
72546604938,ANKENY REGIONAL AIRPORT,2006-01-01,2020-04-08,IA,US,41.69111,-93.56611,277.37
72546699999,ANKENY REGIONAL ARP,1973-01-01,2014-06-02,IA,US,41.683,-93.55,277
72537499999,ANN ARBOR MUNICIPAL,1998-11-05,2014-06-09,MI,US,42.223,-87.746,256
72537494889,ANN ARBOR MUNICIPAL ARPT,2006-01-01,2020-04-08,MI,US,42.22393,-83.73983,250.63
99840999999,ANNAPOLIS,2010-07-14,2020-04-07,MD,US,38.983,-76.48,3.8
74594599999,ANNAPOLIS COAST GUARD STATION,1975-09-16,1983-02-15,MD,US,38.92,-76.47,8
72215899999,ANNAPOLIS UNITED STATES NAVAL ACADEMY,2004-05-25,2020-04-07,MD,US,38.99,-76.48,2
70398025308,ANNETTE ISLAND AIRPORT,1941-07-14,2019-10-01,AK,US,55.0389,-131.5787,33.22
99999913871,ANNISTON CALHOUN CO AP,1948-01-01,1955-05-01,AL,US,33.587,-85.856,182.9
72228713871,ANNISTON METROPOLITAN ARPT,1973-01-01,2020-04-08,AL,US,33.59043,-85.84788,181.83
72657799999,ANOKA CO BLAINE,1990-10-22,2014-06-09,MN,US,45.15,-93.217,278
72657794974,ANOKA CO-BLNE AP(JNS FD) AP,2006-01-01,2020-04-08,MN,US,45.15,-93.21667,277.98
72438504828,ANRSN MUNI DRNGTON FLD AP,2006-01-01,2020-04-08,IN,US,40.11667,-85.61667,274.32
72529400383,ANSON COUNTY AIRPORT JEFF CLOUD FIELD,2007-05-21,2020-04-08,NC,US,35.017,-80.083,91.14
99999913980,ANTHONY,1948-01-01,1951-01-01,KS,US,37.167,-98.083,402.6
72743699999,ANTRIM CO,1973-01-01,2014-06-09,MI,US,44.983,-85.2,190
72743604863,ANTRIM COUNTY AIRPORT,2006-01-01,2020-04-08,MI,US,44.98639,-85.20306,188.98
70207599999,ANVIK,1995-02-10,2014-06-09,AK,US,62.65,-160.183,94
70207526644,ANVIK AIRPORT,2006-01-01,2020-04-08,AK,US,62.65,-160.18333,26.82
99408299999,APK - ARIPEKA  FL,2004-07-17,2020-04-07,null,US,28.43,-82.66,0
72646699999,APPLETON MUNI ARPT,1997-01-31,2014-06-04,MN,US,45.23,-96,310
72646654917,APPLETON MUNICIPAL AIRPORT,2006-01-01,2020-04-08,MN,US,45.2275,-96.00722,310.9
72594524283,ARCATA AIRPORT,1973-01-01,2020-04-08,CA,US,40.97844,-124.10479,64.46
99999924283,ARCATA AIRPORT,1949-12-01,1972-12-31,CA,US,40.978,-124.109,64
99999904126,ARCO 17 SW,2003-07-11,2020-04-08,ID,US,43.4621,-113.556,1804.42
70194599999,ARCTIC VILLAGE,1995-07-27,2014-06-09,AK,US,68.117,-145.567,638
70194546405,ARCTIC VILLAGE AIRPORT,2006-01-01,2020-04-07,AK,US,68.11472,-145.57944,637.64
72352953929,ARDMORE DOWNTOWN EXE,2006-01-01,2019-06-30,OK,US,34.147,-97.123,257.3
72352999999,ARDMORE DOWNTOWN EXECUTIVE,1999-01-14,2007-12-31,OK,US,34.146989,-97.122653,257.25
99999913965,ARDMORE INTERMEDIATE FLD,1948-07-01,1955-01-01,OK,US,34.3,-97.15,264
72355599999,ARDMORE MUNICIPAL,1943-03-01,2014-06-09,OK,US,34.3,-97.017,232
72355593940,ARDMORE MUNICIPAL AIRPORT,2006-01-01,2020-04-08,OK,US,34.3,-97.01667,220.98
72340813814,ARKANSAS INTERNATIONAL AIRPORT,1942-09-01,2020-04-07,AR,US,35.96667,-89.95,77.42
72340899999,ARKANSAS INTL,2000-01-03,2014-06-04,AR,US,35.967,-89.933,77
72796599999,ARLINGTON (AWOS),1981-07-16,1994-11-03,WA,US,48.167,-122.15,42
72564399999,ARLINGTON EXIT I-80,2003-03-19,2008-09-28,WY,US,41.583,-106.2,2388
72794599999,ARLINGTON MUNI,1945-04-01,2014-06-04,WA,US,48.161,-122.159,42
72247999999,ARLINGTON MUNI,1999-03-23,2014-06-02,TX,US,32.667,-97.1,191
72247953907,ARLINGTON MUNICIPAL AIRPORT,2006-01-01,2020-04-08,TX,US,32.65832,-97.09509,179.69
72794504205,ARLINGTON MUNICIPAL ARPT,2006-01-01,2020-04-08,WA,US,48.16056,-122.15889,41.76
74918599999,ARLINGTON WASHINGTON NAS,1945-04-01,1945-11-30,WA,US,48.199,-122.183,41
74900099999,ARNOLD AFB,1943-01-01,1969-08-01,TN,US,35.392578,-86.085823,324.61
72520754735,ARNOLD PALMER REGIONAL APT,2006-01-01,2020-04-08,PA,US,40.28333,-79.4,365.46
72520799999,ARNOLD PALMER RGNL,1973-01-02,2014-06-02,PA,US,40.267,-79.4,361
72551304901,ARRA MUNI-AL POTTER FLD AP,2006-01-01,2020-04-08,NE,US,40.89306,-97.99722,548.34
99999953002,ARTESIA 2 WNW,2010-06-24,2014-06-01,NM,US,32.8546,-104.4569,1067.1
72267699999,ARTESIA MUNI,1999-01-14,2014-06-04,NM,US,32.85,-104.467,1079
72267603035,ARTESIA MUNICIPAL AIRPORT,2006-01-01,2020-04-08,NM,US,32.8525,-104.4675,1079.3
72546899999,ARTHUR N NEU,1995-04-30,2014-06-09,IA,US,42.05,-94.783,367
72546804910,ARTHUR N. NEU AIRPORT,2006-01-01,2020-04-08,IA,US,42.04611,-94.78889,366.98
72314699999,ASHE CO,1999-01-14,2014-06-09,NC,US,36.433,-81.417,969
72314653892,ASHE COUNTY AIRPORT,2006-01-01,2020-04-08,NC,US,36.43222,-81.41944,969.26
74693499999,ASHEBORO  ASHEBORO MUNICIPAL AIR,1999-01-14,1999-07-15,null,US,35.65,-79.9,205
74693503709,ASHEBORO MUNICIPAL AIRPORT,2006-01-01,2020-04-07,NC,US,35.65361,-79.895,205.13
74693599999,ASHEBORO RGNL,2001-08-15,2014-06-02,NC,US,35.65,-79.9,205
99999953878,ASHEVILLE 13 S,2001-06-14,2020-04-08,NC,US,35.4185,-82.5567,640.99
99999953877,ASHEVILLE 8 SSW,2001-06-03,2020-04-08,NC,US,35.4945,-82.6142,655.62
99999903812,ASHEVILLE AIRPORT,1948-01-01,1972-12-31,NC,US,35.432,-82.538,661.4
72315003812,ASHEVILLE REGIONAL AIRPORT,1973-01-01,2020-04-08,NC,US,35.43178,-82.53787,645.57
72044999999,ASHLAND RGNL,2014-08-13,2020-04-07,KY,US,38.5545,-82.737999,166.42
72525699999,ASHTABULA CO,2001-08-15,2014-06-09,OH,US,41.783,-80.7,282
72525599999,ASHTABULA COAST GUARD STATION,1977-01-30,1988-02-18,OH,US,41.92,-80.8,178
72525604857,ASHTABULA COUNTY AIRPORT,2006-01-01,2020-04-08,OH,US,41.7794,-80.69683,278.35
99999925709,ASI TANAGA ISLAND NS,1947-02-01,1949-03-16,AK,US,51.75,-178.033,45.1
72467699999,ASPEN PITKIN CO SARD,1973-01-01,2014-06-04,CO,US,39.223,-106.869,2384
72467693073,ASPEN-PITKIN COUNTY ARPT,2006-01-01,2020-04-08,CO,US,39.22994,-106.87052,2339.91
72012699999,ASTOR NAS,1945-08-01,1945-11-30,FL,US,29.12,-81.57,33
99999994224,ASTORIA CLATSOP COUNTY ARPT,1949-04-01,1972-12-31,OR,US,46.157,-123.883,6.7
99999924246,ASTORIA NAS,1945-04-01,1946-05-20,OR,US,46.167,-123.883,4
72791094224,ASTORIA REGIONAL AIRPORT,1973-01-01,2020-04-08,OR,US,46.15694,-123.88326,3.37
72469903065,ATCT ROCKY MOUNTAIN METRO,2006-01-01,2020-04-08,CO,US,39.9,-105.11667,1705.36
72104399999,ATHENS MUNI,2012-08-13,2020-04-07,TX,US,32.163847,-95.828353,135.33
99999900447,ATHENS MUNICIPAL AIRPORT,2014-08-01,2020-04-08,TX,US,32.16384,-95.82835,135.33
99999913873,ATHENS MUNICIPAL ARPT,1955-09-01,1972-12-31,GA,US,33.948,-83.328,244.4
72311013873,ATHENS/BEN EPPS AIRPORT,1973-01-01,2020-04-08,GA,US,33.94773,-83.32736,239.04
70086899999,ATIGUN,1975-03-03,1975-03-15,AK,US,68.183,-149.417,1032
99822499999,ATKA,2010-02-01,2020-04-07,AK,US,52.2333333,-174.1666666,0
70063125715,ATKA AIRPORT,2006-01-01,2019-07-10,AK,US,52.22,-174.206,17.1
74920599999,ATKA ALASKA,1944-02-08,1949-11-19,AK,US,52.216,-174.2,11
72043699999,ATKINSON MUNI,2010-04-14,2018-03-22,KS,US,37.44945,-94.731119,289.56
72043600142,ATKINSON MUNICIPAL AIRPORT,2010-01-13,2020-04-08,KS,US,37.45,-94.733,290.17
72750494999,ATKN MUNI-S KURTZ FLD ARPT,2006-01-01,2020-04-08,MN,US,46.5475,-93.67667,366.98
99999913874,ATLANTA HARTSFIELD INTL AP,1945-01-01,1972-12-31,GA,US,33.63,-84.442,312.7
99999993830,ATLANTA NAS,1945-02-01,1959-02-24,GA,US,33.867,-84.3,302.1
72407613724,ATLANTIC CITY (CGS),1975-09-16,1991-02-10,NJ,US,39.379,-74.424,3.4
72407093730,ATLANTIC CITY INTERNATIONAL AIRPORT,1947-01-01,2020-04-08,NJ,US,39.45203,-74.56701,17.78
99999993730,ATLANTIC CITY INTL A,1965-01-01,1972-12-31,NJ,US,39.449,-74.567,20.4
99999913724,ATLANTIC CITY MARINA,1948-01-02,1949-02-27,NJ,US,39.37778,-74.42361,3.05
99720999999,ATLANTIC CITY MARINA  NJ,2004-08-03,2011-10-02,null,US,39.38,-74.42,0
99999913753,ATLANTIC CITY NAS,1945-02-01,1958-06-16,NJ,US,39.45,-74.583,20.1
74911399999,ATLANTIC IOWA CAA,1948-06-02,1951-01-01,IA,US,41.45,-95.066,353
72545399999,ATLANTIC MUNI,1948-06-02,2014-06-09,IA,US,41.4,-95.05,360
72545314930,ATLANTIC MUNICIPAL AIRPORT,2006-01-01,2020-04-08,IA,US,41.40722,-95.04667,360.27
72205199999,ATOKA MUNI,2004-07-13,2014-05-14,OK,US,34.398,-96.148,180
72205112841,ATOKA MUNI,1941-06-16,2014-06-10,OK,US,28.545,-81.333,34.1
72205153932,ATOKA MUNICIPAL AIRPORT,2005-01-01,2020-04-08,OK,US,34.39833,-96.14806,179.83
70268527518,ATQASUK EDWARD BURNELL SR. MEMORIAL AIRPORT,2006-05-01,2020-04-08,AK,US,70.46722,-157.43583,29.26
70409045709,ATTU,1943-06-07,1987-10-16,AK,US,52.833,173.183,21
99999945709,ATTU NS,1947-01-01,1958-06-24,AK,US,52.8,173.167,28
72054399999,AUBURN / DE KALB CO,2008-06-12,2018-05-14,IN,US,41.307167,-85.064361,268.22
72618499999,AUBURN LEWISTON MUNI,1988-03-11,2014-06-09,ME,US,44.05,-70.283,88
72026799999,AUBURN MUNICIPAL,2004-05-25,2014-06-04,CA,US,38.955,-121.082,468
72026723224,AUBURN MUNICIPAL AIRPORT,2006-01-01,2020-04-08,CA,US,38.95472,-121.08194,466.65
72228499999,AUBURN OPELIKA ROBE,1992-08-04,2014-06-09,AL,US,32.616,-85.433,237
72228899999,AUBURN UNIV. (AMOS),1991-08-27,1996-03-29,AL,US,32.6,-85.5,198
72618494709,AUBURN/LEWISTON MUNI ARPT,2006-01-01,2020-04-08,ME,US,44.05,-70.28333,87.78
72549899999,AUDUBON CO,1997-08-12,2014-06-04,IA,US,41.7,-94.917,392
72549894998,AUDUBON COUNTY AIRPORT,2006-01-01,2020-04-08,IA,US,41.7,-94.91667,392.28
99999914605,AUGUSTA AIRPORT,1949-01-01,1955-01-01,ME,US,44.316,-69.797,109.7
99999903820,AUGUSTA BUSH FIELD,1951-01-01,1972-12-31,GA,US,33.364,-81.963,45.1
72218003820,AUGUSTA REGIONAL AT BUSH FIELD AP,1948-01-01,2020-04-08,GA,US,33.36517,-81.96353,40.9
72618514605,AUGUSTA STATE AIRPORT,1973-01-01,2020-04-08,ME,US,44.3161,-69.79702,106.38
74908199999,AUGUSTA/DANIEL FIELD GA,1942-07-03,1943-06-02,GA,US,33.466,-82.033,134
99999923036,AURORA BUCKLEY FIELD ANGB,1971-01-01,1971-01-01,CO,US,39.717,-104.75,1725.8
72551399999,AURORA MUNI AL POTT,1998-04-08,2014-06-04,NE,US,40.9,-97.983,550
74465599999,AURORA MUNICIPAL,1983-11-12,2014-06-04,IL,US,41.767,-88.467,217
74465504808,AURORA MUNICIPAL AIRPORT,2006-01-01,2020-04-08,IL,US,41.77132,-88.48148,213.73
72695999999,AURORA STATE,1982-03-29,2014-06-02,OR,US,45.25,-122.767,61
72695994281,AURORA STATE AIRPORT,2006-01-01,2020-04-08,OR,US,45.24656,-122.77095,59.65
72582699999,AUSTIN,1973-01-01,2003-04-29,NV,US,39.5,-117.08,2014
99999923907,AUSTIN 33 NW,2008-02-02,2020-04-08,TX,US,30.6222,-98.0846,414.83
72012999999,AUSTIN ARPT,2017-05-10,2020-04-07,NV,US,39.4679444,-117.197444,1748.09
72012999999,AUSTIN ARPT,2017-05-10,2020-04-07,NV,US,39.4679444,-117.197444,1748.09
72064899999,AUSTIN EXECUTIVE,2009-07-22,2018-05-14,TX,US,30.395,-97.5667,187.5
72064800230,AUSTIN EXECUTIVE AIRPORT,2009-07-22,2020-04-08,TX,US,30.395,-97.567,188.06
99999913958,AUSTIN MUELLER MUNICIPAL AP,1948-07-01,1972-12-31,TX,US,30.321,-97.76,200.6
72756699999,AUSTIN MUNI,1992-08-27,2014-06-09,MN,US,43.667,-92.933,376
72756604902,AUSTIN MUNICIPAL AIRPORT,2006-01-01,2020-04-08,MN,US,43.66472,-92.93333,375.82
72645014898,AUSTIN STRAUBEL INTERNATIONAL AP,1950-01-01,2020-04-08,WI,US,44.47958,-88.1371,208.57
72254013904,AUSTIN-BERGSTROM INTL AIRPORT,1999-05-24,2020-04-08,TX,US,30.1831,-97.6799,146.3
99999913904,AUSTIN-BERGSTROM INTL AIRPORT,1949-01-01,1971-01-01,TX,US,30.18311,-97.67989,146.49
72254013904,AUSTIN-BERGSTROM INTL AIRPORT,1999-05-24,2020-04-08,TX,US,30.1831,-97.6799,146.3
72254413958,AUSTIN-CAMP MABRY,2000-01-01,2020-04-08,TX,US,30.3208,-97.7604,204.22
72254013958,AUSTIN/MUELLER MUNI,1973-01-01,2014-06-15,TX,US,30.321,-97.76,200.6
72254013958,AUSTIN/MUELLER MUNI,1973-01-01,2014-06-15,TX,US,30.321,-97.76,200.6
69645499999,AUX 2 / EXERCISE,1988-04-16,2010-04-17,AZ,US,32.5333333,-114.5166666,81.99
72093799999,AUX FIELD ONE/CAMP SHELBY,2011-05-12,2011-05-18,MS,US,31.2,-89.1833333,92.96
72219223033,AVENGER FIELD AIRPORT,2006-01-01,2020-04-08,TX,US,32.47333,-100.46639,725.42
72219299999,AVENGER FLD,1945-03-12,2014-06-09,TX,US,32.467,-100.467,725
74796012804,AVON PARK GUNNERY R,1943-12-01,1993-09-29,FL,US,27.65,-81.333,20
74796099999,AVON PARK GUNNERY RANGE,2018-05-16,2020-02-17,FL,US,27.65,-81.33,20
99999903761,AVONDALE 2 N,2006-06-02,2020-04-08,PA,US,39.8593,-75.7861,121.92
99999914781,AYER,1945-03-01,1945-09-30,MA,US,42.567,-71.6,82
99999953017,AZTEC 43 E,2010-09-01,2014-06-01,NM,US,36.7499,-107.2189,2140.92
72316013870,BACON COUNTY AIRPORT,1996-01-01,2020-04-08,GA,US,31.54006,-82.50735,58.19
74907899999,BAINBRIDGE/AAF GA,1942-09-17,1945-01-08,GA,US,30.983,-84.633,40
99999953138,BAKER 5 W,2004-05-09,2020-04-08,NV,US,39.0118,-114.209,2016.86
72688624130,BAKER CITY MUNICIPAL ARPT,1973-01-01,2020-04-08,OR,US,44.84301,-117.80987,1025.01
72677799999,BAKER MUNI,1998-05-14,2014-06-09,MT,US,46.35,-104.267,906
72677794055,BAKER MUNICIPAL AIRPORT,2006-01-01,2020-04-08,MT,US,46.35205,-104.26134,902.89
99999924130,BAKER MUNICIPAL AP,1948-01-01,1964-12-31,OR,US,44.843,-117.809,1028.1
99999923155,BAKERSFIELD KERN COUNTY ARPT,1948-01-01,1972-12-31,CA,US,35.434,-119.054,150
72639100385,BALD MOUNTAIN COTTONWOOD PASS,2005-06-12,2020-04-08,CO,US,38.783,-106.217,2995.27
72034899999,BALDWIN CO,2005-04-27,2014-06-09,GA,US,33.154,-83.241,117
72034863886,BALDWIN COUNTY AIRPORT,2006-01-01,2020-04-08,GA,US,33.15417,-83.24056,117.04
99999913725,BALTIMORE,1945-01-01,1949-01-01,MD,US,39.25,-76.533,13.1
99729699999,BALTIMORE  MD,2008-07-25,2020-04-07,MD,US,39.27,-76.57,10
99999993721,BALTIMORE BLT-WASHNG,1965-01-01,1972-12-31,MD,US,39.167,-76.683,47.2
74594493784,BALTIMORE DOWNTOWN,1999-07-01,2020-04-08,MD,US,39.2814,-76.6111,6.1
72406093721,BALTIMORE-WASHINGTON INTL AIRPORT,1945-01-01,2020-04-08,MD,US,39.17329,-76.68408,41.99
72607114606,BANGOR AIRPORT,1941-12-01,1990-02-28,ME,US,44.798,-68.819,58.5
99999914606,BANGOR AIRPORT,1972-02-02,1972-12-31,ME,US,44.798,-68.819,58.5
72607014606,BANGOR INTERNATIONAL ARPT,2010-08-01,2020-04-08,ME,US,44.79791,-68.81852,44.92
72608899999,BANGOR INTL,2010-08-01,2010-08-17,ME,US,44.8,-68.817,60
72608814606,BANGOR INTL,1990-03-01,2010-07-31,ME,US,44.798,-68.819,58.5
72607099999,BANGOR INTL,1941-12-01,2014-06-09,ME,US,44.8,-68.817,60
72650399999,BARABOO WISC DELLS,1997-01-31,2014-06-09,WI,US,43.522,-89.771,297
72650354833,BARABOO WISCONSIN DELLS AIRPORT,2006-01-01,2020-04-08,WI,US,43.52194,-89.77361,297.48
99999922514,BARBERS POINT,1949-01-01,1972-12-31,HI,US,21.31667,-158.06667,15.24
99843699999,BARCELONA HARBOR,2011-01-24,2015-09-06,NY,US,42.346,-79.596,174
99999993826,BARIN FIELD NAAS,1945-02-01,1958-09-12,AL,US,30.4,-87.6,21.9
72435003816,BARKLEY REGIONAL AIRPORT,1989-01-01,2020-04-08,KY,US,37.05635,-88.77425,124.05
72248599999,BARKSDALE AFB,2000-01-02,2014-06-09,LA,US,32.5,-93.65,51
99999913944,BARKSDALE AFB,1971-01-01,1971-01-01,LA,US,32.5,-93.667,50.6
72248513944,BARKSDALE AIR FORCE BASE,1937-03-01,2020-04-08,LA,US,32.5,-93.66667,50.6
72091199999,BARNES CO MUNI,2010-12-15,2018-03-22,ND,US,46.941008,-98.017625,426.72
72091100301,BARNES COUNTY MUNICIPAL AIRPORT,2010-12-15,2020-04-08,ND,US,46.942,-98.018,427.02
74491599999,BARNES MUNI,2000-01-01,2014-06-04,MA,US,42.15,-72.717,83
74491514775,BARNES MUNICIPAL AIRPORT,1973-06-23,2020-04-08,MA,US,42.16005,-72.71246,80.61
72506799999,BARNSTABLE MUNI BOA,1973-01-01,2014-06-02,MA,US,41.667,-70.267,17
72060299999,BARNWELL CO,2009-01-05,2018-05-15,SC,US,33.257778,-81.388339,74.98
72060200194,BARNWELL REGIONAL AIRPORT,2009-01-05,2020-04-08,SC,US,33.25,-81.383,75.29
70026599999,BARROW W POST-W ROGERS ARPT,1975-10-19,1975-10-20,AK,US,71.333,-156.633,4
72381523161,BARSTOW-DAGGETT AIRPORT,1949-01-01,2020-04-08,CA,US,34.85371,-116.78702,584.79
72356599999,BARTLESVILLE MUNI,1973-01-08,2014-06-09,OK,US,36.767,-96.017,217
72356503959,BARTLESVILLE MUNICIPAL AIRPORT,2006-01-01,2020-04-08,OK,US,36.7664,-96.01292,210.41
72212399999,BARTOW MUNI,1943-12-21,2014-06-04,FL,US,27.95,-81.783,38
72212312809,BARTOW MUNICIPAL AIRPORT,2005-01-01,2020-04-08,FL,US,27.95,-81.78333,38.1
99999923904,BATESVILLE 8 WNW,2006-12-20,2020-04-08,AR,US,35.8201,-91.7812,138.68
72344853934,BATESVILLE REGIONAL ARPT,2006-01-01,2020-04-08,AR,US,35.72611,-91.64722,141.12
72344899999,BATESVILLE RGNL,1992-04-09,2014-06-09,AR,US,35.726,-91.647,141
72539799999,BATH,1990-09-26,1996-06-30,MI,US,42.85,-84.48,261
72231799999,BATON ROUGE METRO R,2011-01-25,2011-01-25,LA,US,30.533,-91.15,22
72232012884,BATON ROUGE METRO R,1973-01-01,2014-06-02,LA,US,29.333,-89.408,0.3
72231713970,BATON ROUGE METRO R,1942-01-01,2010-11-14,LA,US,30.537,-91.147,23.2
72232013970,BATON ROUGE METRO RYAN FIELD AIRPORT,2010-11-15,2020-04-08,LA,US,30.53782,-91.14681,20.44
99999913970,BATON ROUGE RYAN ARPT,1948-07-01,1972-12-31,LA,US,30.537,-91.147,23.2
99999914815,BATTLE CREEK KELLOGG AP,1949-01-01,1955-01-01,MI,US,42.308,-85.251,286.2
72583599999,BATTLE MOUNTAIN,2000-01-01,2007-03-05,NV,US,40.6,-116.867,1381
72583524119,BATTLE MOUNTAIN AIRPORT,1973-01-01,2020-04-08,NV,US,40.6118,-116.8917,1373.12
99999924119,BATTLE MOUNTAIN LANDER COUNTY,1948-11-01,1955-01-01,NV,US,40.612,-116.892,1381.4
72747694961,BAUDETTE INTERNATIONAL APT,1983-11-11,2020-04-07,MN,US,48.72606,-94.61216,329.79
72027399999,BAY CITY MUNI,2004-05-25,2014-06-02,TX,US,28.967,-95.867,14
72027312981,BAY CITY MUNICIPAL AIRPORT,2006-01-01,2020-04-08,TX,US,28.97306,-95.86333,13.72
72213899999,BAY SAINT LOUIS,2004-05-17,2014-06-09,MS,US,30.367,-89.45,7
72213813835,BAY SAINT LOUIS,1942-05-01,2014-05-14,MS,US,30.367,-89.45,7
99821999999,BAY WAVELAND YACHT CLUB,2008-10-22,2020-04-07,MS,US,30.3166666,-89.3166666,5
99736099999,BAYOU GAUCHE,2005-03-22,2020-04-07,LA,US,29.77,-90.42,10
99736599999,BAYOU LABRANCH,2005-05-07,2012-08-29,LA,US,30.05,-90.37,10
72085499999,BEACH,2010-11-18,2018-05-15,ND,US,46.925167,-103.982053,840.02
72085400282,BEACH AIRPORT,2010-11-18,2020-04-08,ND,US,46.925,-103.982,840.03
99999993216,BEALE AFB,1971-01-01,1971-01-01,CA,US,39.133,-121.433,34.4
72483799999,BEALE AFB,2000-01-03,2014-06-09,CA,US,39.133,-121.433,34
72483793216,BEALE AIR FORCE BASE,1959-07-01,2020-04-08,CA,US,39.13333,-121.43333,34.44
99999914797,BEAR MOUNTAIN WB,1948-01-01,1953-05-15,NY,US,41.317,-74,396.8
72551599999,BEATRICE MUNI,1973-01-01,2014-06-09,NE,US,40.3,-96.75,404
72551594947,BEATRICE MUNICIPAL AIRPORT,2006-01-01,2020-04-08,NE,US,40.30139,-96.75389,403.56
72061299999,BEAUFORT,2009-01-20,2018-03-22,SC,US,32.4,-80.6333333,3
72061200203,BEAUFORT COUNTY AIRPORT,2009-01-20,2020-04-08,SC,US,32.4121,-80.6343,38.1
72208593831,BEAUFORT MCAS,1945-04-01,2020-04-08,SC,US,32.48333,-80.71667,11.28
99999993831,BEAUFORT NAS,1972-01-01,1972-12-31,SC,US,32.483,-80.717,11.6
72286723156,BEAUMONT,1973-01-01,1999-12-31,CA,US,33.933,-116.967,692
72286799999,BEAUMONT,2000-01-01,2001-09-01,CA,US,33.933,-116.967,692
99999923156,BEAUMONT 1 E,1948-01-01,1953-08-26,CA,US,33.933,-116.967,794
72092699999,BEAUMONT MUNI,2011-03-10,2018-05-15,TX,US,30.070686,-94.215847,9.75
72092600313,BEAUMONT MUNICIPAL AIRPORT,2011-03-10,2020-04-08,TX,US,30.071,-94.216,10.06
72233403976,BEAUREGARD REGIONAL AIRPORT,2006-01-01,2020-04-08,LA,US,30.83333,-93.33333,62.18
72520499999,BEAVER CO,1984-03-31,2014-06-02,PA,US,40.767,-80.383,382
72520404813,BEAVER COUNTY AIRPORT,2006-01-02,2020-04-08,PA,US,40.76667,-80.4,381.61
72218699999,BEAVER ISLAND,2004-05-25,2014-06-02,MI,US,45.7,-85.567,204
72218604892,BEAVER ISLAND AIRPORT,2006-01-01,2020-04-08,MI,US,45.68889,-85.56611,203
99999903872,BECKLEY RALEIGH CO MEM AP,1963-05-15,1985-12-31,WV,US,37.784,-81.123,766.3
99999963898,BEDFORD 5 WNW,2007-10-04,2020-04-08,IN,US,38.8882,-86.5707,231.65
74490014702,BEDFORD HANSCOM FIELD,1943-02-05,1992-12-31,MA,US,42.47,-71.289,40.5
74490099999,BEDFORD/HANSCOM AFB,1993-01-01,1999-02-04,MA,US,42.467,-71.283,41
99999912925,BEEVILLE CHASE NAAS,1945-03-01,1972-12-31,TX,US,28.367,-97.667,57.9
72039199999,BEEVILLE MUNI,2007-06-25,2018-05-14,TX,US,28.35,-97.7166666,82
72039100127,BEEVILLE MUNICIPAL AIRPORT,2007-06-25,2020-04-08,TX,US,28.35,-97.717,82.3
72072499999,BELEN RGNL ARPT,2010-05-03,2020-04-07,NM,US,34.6458616,-106.83634,1584.81
72072499999,BELEN RGNL ARPT,2010-05-03,2020-04-07,NM,US,34.6458616,-106.83634,1584.81
72660699999,BELLE FOURCHE MUNI,1992-10-31,2004-05-07,SD,US,44.734207,-103.861992,972.31
72094400324,BELLEFONTAINE REGIONAL AIRPORT,2011-05-12,2020-04-08,OH,US,40.367,-83.817,342.29
72094499999,BELLEFONTAINE RGNL,2011-05-12,2018-05-15,OH,US,40.372314,-83.819017,342.29
72797624217,BELLINGHAM INTL AIRPORT,1948-01-01,2020-04-08,WA,US,48.7991,-122.54069,45.86
99999904739,BELMAR ASC,1955-01-01,1971-08-01,NJ,US,40.183,-74.067,25.9
99999904783,BELMAR MONMOUTH AAF,1963-01-01,1963-11-29,NJ,US,40.183,-74.117,50
74902299999,BELMAR NJ/SIG CORPS EVANS LAB,1955-01-01,1961-08-01,NJ,US,40.183,-74.066,26
72755099999,BEMIDJI MUNICIPAL,1973-01-01,2014-06-09,MN,US,47.5,-94.933,420
72755014958,BEMIDJI-BELTRAMI CO ARPT,2006-01-01,2020-04-08,MN,US,47.5,-94.93333,424.28
72063899999,BEND MUNI AIRPORT,2009-05-24,2018-05-15,OR,US,44.0945556,-121.200222,1054.6
72063800224,BEND MUNICIPAL AIRPORT,2009-05-24,2020-04-08,OR,US,44.095,-121.2,1055.22
72750799999,BENSON MUNI,1994-07-19,2014-06-09,MN,US,45.333,-95.65,317
72750754904,BENSON MUNICIPAL AIRPORT,2006-01-01,2020-04-08,MN,US,45.33194,-95.65056,316.69
72344499999,BENTONVILLE MUNI THA,1992-04-09,2014-06-02,AR,US,36.346,-94.219,395
72344403978,BENTONVILLE MUNI/LOUIS M THADEN FIELD AIRPORT,2006-01-01,2020-04-08,AR,US,36.35,-94.21667,395.02
99727299999,BERGEN POINT,2005-01-05,2020-04-07,NY,US,40.639,-74.146,10
72254513904,BERGSTROM AFB/AUSTI,1942-10-17,1999-05-23,TX,US,30.183,-97.68,150.9
72254599999,BERGSTROM AFB/AUSTI,1942-10-17,1992-12-31,TX,US,30.2,-97.6833333,165
72059800191,BERKELEY COUNTY AIRPORT,2009-01-05,2020-04-08,SC,US,33.183,-80.033,22.25
72616099999,BERLIN MUNICIPAL,1975-07-16,2014-06-02,NH,US,44.583,-71.183,353
72616094700,BERLIN MUNICIPAL AIRPORT,2006-01-01,2020-04-08,NH,US,44.57604,-71.1782,342.32
99999994700,BERLIN MUNICIPAL AP,2005-01-01,2005-12-31,NH,US,44.576,-71.179,353
72678599999,BERT MOONEY,2010-08-01,2010-08-18,MT,US,45.95,-112.5,1734
72678524135,BERT MOONEY,1977-03-01,2010-07-31,MT,US,45.965,-112.501,1686.5
72774024135,BERT MOONEY AIRPORT,1996-01-01,2020-04-08,MT,US,45.96436,-112.50147,1677.82
72038599999,BERTHOUD PASS,2007-04-26,2018-05-20,CO,US,39.8,-105.7666666,4113
72038500419,BERTHOUD PASS,2007-04-26,2020-03-28,CO,US,39.8,-105.766,4113.28
72050799999,BESSEMER AIPORT,2016-07-14,2020-04-07,AL,US,33.312883,-86.925919,213.05
99999926656,BETHEL 87 WNW,2018-08-17,2020-04-08,AK,US,61.3465,-164.0769,46.63
70219026615,BETHEL AIRPORT,1945-01-01,2020-04-08,AK,US,60.78497,-161.82931,32.58
70174026533,BETTLES AIRPORT,1945-01-01,2020-04-08,AK,US,66.91764,-151.51892,196.53
99999926517,BETTLES CAA,1948-07-01,1951-05-01,AK,US,66.9,-151.717,260.9
99999926533,BETTLES FIELD,1952-01-01,1972-12-31,AK,US,66.54,-151.31,196
72508899999,BEVERLY MUNI,1979-10-17,2014-06-09,MA,US,42.583,-70.917,33
72508854733,BEVERLY MUNICIPAL AIRPORT,2006-01-01,2020-04-08,MA,US,42.5841,-70.9153,27.63
74611099999,BICYCLE LAKE AAF,1984-01-13,2018-05-20,CA,US,35.280531,-116.630031,716.28
74611003182,BICYCLE LAKE FORT IRWIN AAF,1996-01-08,2020-04-08,CA,US,35.28333,-116.63333,75.59
72387499999,BICYCLE LAKE FORT IRWIN AAF(N,1979-11-15,1983-12-05,CA,US,35.283,-116.617,716
99798899999,BIG BAY,2007-10-16,2020-04-07,MI,US,46.8166666,-87.7166666,185
99400699999,BIG CARLOS PASS,2005-10-20,2020-04-07,FL,US,26.4,-81.88,3
70267399999,BIG DELTA ARCTIC WX,1980-03-03,1981-01-22,AK,US,64,-145.717,389
72671099999,BIG PINEY (AMOS),1978-03-11,2014-06-04,WY,US,42.567,-110.1,2124
72671024164,BIG PINEY-MARBLETON ARPT,1999-01-01,2020-04-08,WY,US,42.57802,-110.10976,2117.95
70298626557,BIG RIVER LAKE,2006-01-01,2010-12-14,AK,US,60.81417,-152.29694,18.29
70298699999,BIG RIVER LAKE,1978-08-23,2007-12-31,AK,US,60.817,-152.3,12
99780299999,BIG SABLE POINT,2007-01-09,2020-04-07,MI,US,44.05,-86.5166666,186
72045800476,BIG SANDY REGIONAL AIRPORT,2012-05-31,2020-04-08,KY,US,37.75102,-82.63669,372.47
99999900476,BIG SANDY REGIONAL AIRPORT,2014-08-01,2019-07-10,KY,US,37.75102,-82.63669,372.47
72045800476,BIG SANDY REGIONAL AIRPORT,2012-05-31,2020-04-08,KY,US,37.75102,-82.63669,372.47
72265723041,BIG SPRING,1947-01-01,1974-11-27,TX,US,32.233,-101.5,783.9
72027199999,BIG SPRING MCMAHON,1942-09-27,2014-06-04,TX,US,32.217,-101.517,784
72027103044,BIG SRNG MCMHN-WRKLE ARPT,2006-01-01,2020-04-08,TX,US,32.2125,-101.52139,784.25
72746899999,BIGFORK,1999-01-14,2014-06-02,MN,US,47.783,-93.65,411
72746804928,BIGFORK MUNICIPAL AIRPORT,2006-01-01,2020-04-08,MN,US,47.78278,-93.65,411.18
72270499999,BIGGS AAF / FT BLISS TEXAS USA,2010-06-15,2020-04-07,TX,US,31.849528,-106.380039,1203.35
99999923019,BIGGS AFB,1949-01-01,1966-04-30,TX,US,31.833,-106.4,1196
72677024033,BILLINGS LOGAN INTERNATIONAL AIRPORT,1935-05-01,2020-04-08,MT,US,45.80721,-108.54618,1094.34
99999924033,BILLINGS MUNICIPAL ARPT,1948-01-01,1972-12-31,MT,US,45.807,-108.542,1088.1
99999904725,BINGHAMTON BROOME COUNTY ARPT,1948-01-01,1972-12-31,NY,US,42.207,-75.98,499.3
99999914738,BINGHAMTON TRI-CITIES ARPT,1948-01-01,1951-07-01,NY,US,42.083,-76.1,253.9
72230099999,BIRMINGHAM,1998-12-24,2014-06-02,AL,US,33.183,-86.783,175
72228013876,BIRMINGHAM INTERNATIONAL AIRPORT,1942-08-01,2020-04-08,AL,US,33.56545,-86.7449,187.67
99999913876,BIRMINGHAM MUNICIPAL AP,1948-01-01,1972-12-31,AL,US,33.566,-86.745,192
72272093063,BISBEE DOUGLAS INTL,1973-01-01,2014-06-10,AZ,US,32.633,-108.167,1659.9
72273599999,BISBEE DOUGLAS INTL,2010-08-01,2010-08-17,AZ,US,31.467,-109.6,1298
72272099999,BISBEE DOUGLAS INTL,1942-11-16,2014-06-02,AZ,US,31.467,-109.6,1251
72273593026,BISBEE DOUGLAS INTL,1942-11-16,2010-07-31,AZ,US,31.458,-109.606,1250
72272093026,BISBEE DOUGLAS INTL ARPT,2010-08-01,2020-04-08,AZ,US,31.4583,-109.6061,1251.2
72480023157,BISHOP AIRPORT,1943-01-16,2020-04-08,CA,US,37.37114,-118.35886,1252.85
99999923157,BISHOP AIRPORT,1948-01-05,1972-12-31,CA,US,37.371,-118.358,1263.4
72637014826,BISHOP INTERNATIONAL AIRPORT,1973-01-01,2020-04-08,MI,US,42.96684,-83.74996,234.85
72764024011,BISMARCK MUNICIPAL AIRPORT,1936-07-01,2020-04-08,ND,US,46.78232,-100.75752,503.22
99999924011,BISMARCK MUNICIPAL ARPT,1948-01-01,1972-12-31,ND,US,46.783,-100.757,506
72660500386,BLACK HILLS AIRPORT CLYDE ICE FIELD,1996-02-27,2020-04-08,SD,US,44.483,-103.783,1198.17
72660599999,BLACK HILLS CLYDE ICE FLD,1990-10-10,2018-03-22,SD,US,44.480322,-103.782958,1198.16
72085999999,BLACK RIVER FALLS AREA,2010-11-18,2017-11-26,WI,US,44.25074,-90.855281,254.81
72085900286,BLACK RIVER FALLS AREA AIRPORT,2010-11-18,2020-04-08,WI,US,44.251,-90.855,255.12
72318099999,BLACKSBURG,1996-01-01,1996-03-14,VA,US,37.2,-80.4,641.9
99999913726,BLACKSTONE,1949-01-01,1959-01-01,VA,US,37.067,-77.95,134.1
72401513726,BLACKSTONE FAA AIRPORT,1943-06-01,1943-07-01,VA,US,37.08333,-77.95,133.32
99999963826,BLACKVILLE 3 W,2002-07-13,2020-04-08,SC,US,33.355,-81.3279,96.62
72062599999,BLACKWELL TONKAWA MUNI,2009-03-13,2018-05-15,OK,US,36.75,-97.35,314
72062500212,BLACKWELL TONKAWA MUNICIPAL AIRPORT,2009-03-13,2020-04-08,OK,US,36.75,-97.35,314.25
69032099999,BLAINE HARBOR MUNI,1992-06-26,1994-02-22,WA,US,48.983,-122.733,21
72040599999,BLAIR MUNI AIRPORT,2008-01-07,2018-04-30,NE,US,41.4166666,-96.1166666,403.9
72040500436,BLAIR MUNICIPAL AIRPORT,2009-01-01,2020-04-07,NE,US,41.41167,-96.10861,395.94
72040999999,BLAIRSVILLE AIRPORT,2007-12-28,2020-04-07,GA,US,34.85,-83.9833333,582
72053199999,BLAKE FIELD / DELTA,2012-02-09,2018-05-14,CO,US,38.7833333,-108.0666666,1583
72053100158,BLAKE FIELD AIRPORT,2012-02-09,2020-04-08,CO,US,38.783,-108.067,1583.13
72472099999,BLANDING,1973-01-01,2012-06-28,UT,US,37.6166666,-109.466666,1840
72472193025,BLANDING,1975-08-14,1990-02-05,UT,US,37.617,-109.467,184.1
99999953012,BLANDING 26 SSW,2010-08-15,2014-06-01,UT,US,37.2667,-109.6074,1338.07
72472393025,BLANDING MUNI,1990-02-09,2009-03-02,UT,US,37.583,-109.483,1789
72472399999,BLANDING MUNI,2000-01-01,2007-12-31,UT,US,37.5833333,-109.4833333,1789
72458013984,BLOSSER MUNICIPAL AIRPORT,1973-01-01,2020-04-08,KS,US,39.55127,-97.65077,444.29
72584523225,BLUE CANYON - NYACK ARPT,1973-01-01,2020-04-08,CA,US,39.27617,-120.70927,1611.21
99999923225,BLUE CANYON AP,1948-01-01,1967-03-31,CA,US,39.277,-120.71,1610.3
72422093820,BLUE GRASS AIRPORT,1973-01-01,2020-04-08,KY,US,38.03391,-84.61138,293.23
99999914753,BLUE HILL OBSERVATORY,1998-10-01,1999-12-31,MA,US,42.2123,-71.1137,190.5
74598599999,BLUE RIDGE,1995-07-27,2014-06-09,VA,US,36.633,-80.017,287
74598563806,BLUE RIDGE AIRPORT,2006-01-01,2020-04-08,VA,US,36.63056,-80.01833,286.82
72045899999,BLUEBIRD,2012-05-31,2018-05-14,OK,US,35.402972,-96.832167,313.94
72045899999,BLUEBIRD,2012-05-31,2018-05-14,OK,US,35.402972,-96.832167,313.94
99999953004,BLUFF 32 NW,2010-08-14,2014-06-01,UT,US,37.601,-109.9886,1959.25
74718823158,BLYTHE AIRPORT,1942-06-13,2020-04-08,CA,US,33.61876,-114.71451,120.37
99999923158,BLYTHE RIVERSIDE CO,1948-11-01,1972-12-31,CA,US,33.619,-114.714,119.5
72340999999,BLYTHEVILLE MUNI,2001-08-15,2014-06-09,AR,US,35.933,-89.833,78
72340953869,BLYTHEVILLE MUNI AIRPORT,2006-01-01,2020-04-08,AR,US,35.93778,-89.83318,77.6
70119699999,BOB BAKER MEM,1983-12-31,2015-06-01,AK,US,66.975953,-160.436533,50.59
70119600102,BOB BARKER MEMORIAL AIRPORT,2008-11-20,2020-04-08,AK,US,66.983,-160.433,51.21
72221513884,BOB SIKES AIRPORT,1973-01-01,2020-04-08,FL,US,30.77715,-86.51938,47.07
74759013833,BOBBY L CHAIN MUNI AIRPORT,1942-08-24,2020-04-07,MS,US,31.26951,-89.25609,44.68
72793599999,BOEING FLD KING CO,2000-01-01,2014-06-04,WA,US,47.517,-122.3,6
72793524234,BOEING FLD/KING CO INTL AP,1943-10-01,2020-04-08,WA,US,47.54554,-122.31475,7.64
72073399999,BOERNE STAGE FLD,2010-05-11,2013-04-30,TX,US,29.723931,-98.694642,422.14
72309793743,BOGUE FIELD MARINE CORPS AUXILIARY FIELD,1987-05-05,2020-04-01,NC,US,34.68333,-77.03333,6.4
99999993743,BOGUE FIELD MCAF,1980-10-01,1980-12-31,NC,US,34.683,-77.033,6.7
74394654754,BOIRE FIELD AIRPORT,2006-01-01,2020-04-08,NH,US,42.78333,-71.51667,60.96
74394699999,BOIRE FLD,1986-04-17,2014-06-04,NH,US,42.783,-71.517,61
99999924131,BOISE AIR TERMINAL,1948-01-01,1972-12-31,ID,US,43.567,-116.241,874.2
72681024131,BOISE AIR TERMINAL/GOWEN FD AIRPORT,1931-01-01,2020-04-08,ID,US,43.56705,-116.24062,860.45
72057299999,BOLINDER FIELD TOOELE VALLEY,2015-05-06,2020-04-07,UT,US,40.612272,-112.350772,1316.12
72428463825,BOLTON FIELD AIRPORT,2006-01-01,2020-04-08,OH,US,39.9,-83.13333,275.84
72428499999,BOLTON FLD,1981-08-20,2014-06-02,OH,US,39.9,-83.133,276
71476499999,BONILLA ISLAND,1985-07-01,1986-03-20,null,CA,55.5,-130.633,17
72219863819,BOONE,2005-01-01,2020-04-08,NC,US,36.2,-81.65,910.44
72344613971,BOONE CO,1946-08-01,2010-07-31,AR,US,36.267,-93.157,422.1
72344699999,BOONE CO,2010-08-01,2010-08-17,AR,US,36.25,-93.15,427
72345013971,BOONE COUNTY AIRPORT,1946-08-01,2020-04-08,AR,US,36.26727,-93.15657,418.01
72548699999,BOONE MUNI,1973-01-01,2014-06-09,IA,US,42.05,-93.85,354
72548604906,BOONE MUNICIPAL AIRPORT,2006-01-01,2020-04-08,IA,US,42.04944,-93.8475,353.57
72219899999,BOONE WATAUGA HOSPTL,2004-05-25,2014-06-02,NC,US,36.2,-81.65,959
99999912884,BOOTHVILLE,1965-02-01,2019-12-02,LA,US,29.333,-89.4075,0.91
72233699999,BOOTHVILLE,1977-04-27,2019-12-02,LA,US,29.33,-89.4,1
72002199999,BOOTHVILLE HELIPORT,2004-02-24,2013-04-30,LA,US,29.35,-89.43,1
72643899999,BOSCOBEL,2001-08-15,2014-06-02,WI,US,43.167,-90.683,205
72643894994,BOSCOBEL AIRPORT,2006-01-01,2020-04-08,WI,US,43.15614,-90.67757,203.11
99497199999,BOSTON,2010-02-01,2020-04-07,MA,US,42.35,-71.05,0
99999994075,BOULDER 14 W,2003-09-28,2020-04-08,CO,US,40.0354,-105.5409,2995.57
72074199999,BOULDER CITY MUNI,2010-06-24,2018-05-15,NV,US,35.9474803,-114.861096,671
72053300160,BOULDER MUNICIPAL AIRPORT,2010-02-01,2020-04-08,CO,US,40.033,-105.217,1612.09
72074100269,BOULDER MUNICIPAL AIRPORT,2010-06-24,2020-04-08,NV,US,35.947,-114.861,671.17
72053399999,BOULDER MUNICIPAL AIRPORT,2010-03-01,2018-03-22,CO,US,40.0394297,-105.225821,1612
99999926416,BOUNDARY,1948-07-01,1948-08-31,AK,US,64.067,-141.117,793.1
72092399999,BOUNDARY CO,2011-01-18,2018-03-22,ID,US,48.725822,-116.295214,711.09
72092300310,BOUNDARY COUNTY AIRPORT,2011-01-18,2020-04-08,ID,US,48.726,-116.295,711.1
74671693808,BOW GRN-WARREN CO. RGNL AP,1973-01-01,2020-04-08,KY,US,36.96467,-86.42379,159.33
72788324220,BOWERS FIELD AIRPORT,1988-01-26,2020-04-08,WA,US,47.03376,-120.53135,532.52
72788399999,BOWERS FLD,2000-01-05,2014-06-09,WA,US,47.033,-120.531,537
99999903085,BOWIE 23 SSE,2010-02-27,2014-06-01,AZ,US,32.0095,-109.3891,1564.54
72062299999,BOWIE MUNI,2009-03-20,2013-04-30,TX,US,33.601667,-97.775561,335.58
99999963849,BOWLING GREEN 21 NNE,2004-05-20,2020-04-08,KY,US,37.2504,-86.2325,240.79
99999993808,BOWLING GREEN WARREN CO AP,1948-01-01,1955-01-01,KY,US,36.965,-86.424,163.7
72423513810,BOWMAN FIELD AIRPORT,1941-11-01,2020-04-08,KY,US,38.23021,-85.66294,164.56
72423599999,BOWMAN FLD,2000-01-01,2014-06-09,KY,US,38.217,-85.65,166
72529699999,BOWMAN MUNI,2007-05-21,2010-06-02,ND,US,46.186993,-103.42808,901.59
72103699999,BOYSEN,2012-05-15,2017-12-09,WY,US,43.4667,-108.238444,2225.04
72103600353,BOYSEN THERMOPOL,2012-08-06,2019-12-14,WY,US,43.467,-108.389,2225.04
99999924132,BOZEMAN GALLATIN FIELD,1948-01-01,1955-01-01,MT,US,45.788,-111.161,1356.1
72288703180,BRACKETT FIELD AIRPORT,2012-08-19,2020-04-08,CA,US,34.1,-117.78333,308.15
72288799999,BRACKETT FLD,2014-02-28,2014-06-02,CA,US,34.083,-117.783,308
99999914816,BRADFORD,1948-12-01,1955-01-01,IL,US,41.233,-89.617,242
72526604751,BRADFORD REGIONAL AIRPORT,1973-01-01,2020-04-08,PA,US,41.79835,-78.63543,642.15
99999904751,BRADFORD REGIONAL AP,1957-07-01,1972-12-31,PA,US,41.8,-78.633,655.3
72532514816,BRADFORD/RINKENBERG,1973-01-01,1975-10-14,IL,US,41.233,-89.617,247
72508014740,BRADLEY INTERNATIONAL AIRPORT,1942-01-08,2020-04-08,CT,US,41.93742,-72.68202,51.6
91197799999,BRADSHAW AAF,1973-02-09,2014-05-07,HI,US,19.75,-155.55,1887
91197721508,BRADSHAW ARMY AIRFIELD,2006-01-03,2020-04-08,HI,US,19.76,-155.55361,1798.32
72362899999,BRADY/CURTIS FIELD,2005-09-13,2014-06-04,TX,US,31.183,-99.317,557
72655599999,BRAINERD LAKES RGNL,1973-01-01,2014-06-09,MN,US,46.4,-94.133,374
72655599999,BRAINERD LAKES RGNL,1973-01-01,2014-06-09,MN,US,46.4,-94.133,374
72655594938,BRAINERD LAKES RGNL ARPT,2006-01-01,2020-04-08,MN,US,46.40206,-94.12734,372.47
72655594938,BRAINERD LAKES RGNL ARPT,2006-01-01,2020-04-08,MN,US,46.40206,-94.12734,372.47
72541499999,BRANCH CO MEM,1999-01-14,2014-06-09,MI,US,41.933,-85.05,292
72541404886,BRANCH COUNTY MEMO AIRPORT,2006-01-01,2020-04-08,MI,US,41.93333,-85.0525,292.3
72061600207,BRANSON AIRPORT,2009-02-01,2020-04-08,MO,US,36.533,-93.2,397.15
72061699999,BRANSON AIRPORT,2009-02-01,2018-05-15,MO,US,36.5333333,-93.2,397
99999900451,BRANSON WEST MUNICIPAL EMERSON FIELD AIRPORT,2014-08-01,2019-07-10,MO,US,36.6985,-93.4022,411.18
72099599999,BRAVO (GEYSER),2012-09-20,2020-04-07,MT,US,47.2833333,-110.366666,1234.44
72097899999,BRAVO (PINE BLUFFS),2013-02-26,2020-04-07,NE,US,41.5166666,-104,1607.21
72101299999,BRAVO (VELVA),2012-10-30,2020-04-07,ND,US,47.908973,-100.926748,588.57
72036663879,BRAXTON CO,2006-01-01,2009-08-14,WV,US,38.687,-80.652,388.6
72036699999,BRAXTON CO,2005-08-01,2007-12-16,WV,US,38.687044,-80.651761,387.09
72252799999,BRAZORIA CO,1989-07-30,2014-06-02,TX,US,29.117,-95.467,8
72252712976,BRAZORIA COUNTY AIRPORT,2006-01-01,2020-04-08,TX,US,29.11536,-95.46323,7.74
72792899999,BREMERTON NATIONAL,1973-01-01,2014-05-07,WA,US,47.483,-122.75,135
72792894263,BREMERTON NATIONAL AIRPORT,2006-01-01,2020-04-08,WA,US,47.48333,-122.76667,135.33
72255353928,BRENHAM MUNI,2006-01-01,2019-07-10,TX,US,30.219,-96.374,93.9
72255399999,BRENHAM MUNI,2002-04-23,2007-12-31,TX,US,30.219,-96.374278,93.87
72553394957,BRENNER FIELD AIRPORT,2000-01-01,2020-04-08,NE,US,40.07912,-95.58928,298.76
74922699999,BREVIG AIRPORT NE,1944-04-01,1945-08-25,AK,US,65.45,-165.767,36
70388999999,BREVIG MISSION AIRPORT,2013-01-03,2013-07-31,AK,US,65.3333333,-166.4666666,10.67
72562804935,BREWSTER FIELD AIRPORT,2006-01-01,2020-04-08,NE,US,40.45,-99.33917,702.26
72562899999,BREWSTER FLD,1973-01-01,2014-06-09,NE,US,40.45,-99.333,704
99999963899,BREWTON 3 NNE,2008-01-18,2020-04-08,AL,US,31.1449,-87.0518,51.82
99729099999,BRIDGEPORT,2008-09-05,2020-04-07,CT,US,41.17,-73.18,10
72026199999,BRIDGEPORT MUNI,2004-05-25,2014-05-07,TX,US,33.183,-97.833,260
72026153976,BRIDGEPORT MUNICIPAL ARPT,2006-01-01,2020-04-08,TX,US,33.17528,-97.82833,259.38
72065200433,BRIDGEPORT SONORA JUNCTION,2009-08-27,2020-04-08,CA,US,38.3557,-119.519,2057.1
99489099999,BRIDGEPORT TERMINAL,2004-08-05,2009-03-06,CT,US,41.1833333,-73.1833333,16
99999904138,BRIGHAM CITY 28 WNW,2007-10-27,2020-04-08,UT,US,41.6163,-112.5437,1509.06
72056724180,BRIGHAM CITY AIRPORT,2014-07-24,2020-04-08,UT,US,41.55222,-112.06222,1288.08
72318113877,BRISTOL TRI CITY AIRPORT,1973-01-01,1990-02-28,TN,US,36.473,-82.404,464.8
99999913877,BRISTOL TRI CITY AIRPORT,1948-01-01,1972-12-31,TN,US,36.473,-82.404,464.8
72506794720,BRNSBL MUNI-BMAN/POL FD AP,2006-01-01,2020-04-08,MA,US,41.6719,-70.26972,11.35
72667399999,BROADUS           &,1990-03-24,1995-08-04,MT,US,45.433,-105.4,922
72667199999,BROADUS           &,1976-03-07,1990-02-19,MT,US,45.433,-105.4,922
72555599999,BROKEN BOW MUNI,1973-01-01,2014-06-09,NE,US,41.433,-99.65,776
72555594946,BROKEN BOW MUNICIPAL ARPT,2006-01-01,2020-04-08,NE,US,41.43653,-99.63851,771.12
99999903072,BRONTE 11 NNE,2006-12-16,2020-04-08,TX,US,32.0408,-100.2495,608.69
72501699999,BROOKHAVEN,2001-08-28,2014-06-02,NY,US,40.817,-72.867,25
72501654790,BROOKHAVEN AIRPORT,2006-01-01,2020-04-08,NY,US,40.82121,-72.86742,20
72093299999,BROOKHAVEN LINCOLN CO,2011-04-03,2017-05-02,MS,US,31.605847,-90.409317,149.04
72093200317,BROOKHAVEN LINCOLN COUNTY AIRPORT,2011-04-03,2020-04-08,MS,US,31.606,-90.409,149.05
72651594902,BROOKINGS MUNICIPAL ARPT,2006-01-01,2020-04-08,SD,US,44.3,-96.8,502.31
72651599999,BROOKINGS RGNL,1973-01-01,2007-12-31,SD,US,44.3,-96.817,502
74905899999,BROOKS AFB,1948-02-01,1960-06-22,TX,US,29.35,-98.45,182
72026999999,BROOKS CO,2004-05-25,2014-06-04,TX,US,27.2,-98.117,34
72026912982,BROOKS COUNTY AIRPORT,2006-01-01,2020-04-08,TX,US,27.20667,-98.12111,34.14
72541554821,BROOKS FIELD AIRPORT,2006-01-01,2020-04-08,MI,US,42.25111,-84.95556,286.82
72541599999,BROOKS FLD,1999-01-14,2014-06-02,MI,US,42.25,-84.95,287
74904999999,BROOKSVILLE FLORIDA AAF,1943-12-07,1944-03-14,FL,US,28.483,-82.449,23
99999914741,BROOKVILLE FAA AP,1949-01-01,1959-01-01,PA,US,41.15,-79.1,427
72469999999,BROOMFIELD/JEFFCO,1981-08-01,2014-06-09,CO,US,39.917,-105.117,1728
72290403178,BROWN FIELD MUNICIPAL ARPT,2006-01-01,2020-04-08,CA,US,32.57583,-116.99391,158.9
72290499999,BROWN FLD MUNI,2000-01-01,2014-04-08,CA,US,32.567,-116.967,160
72290423196,BROWN FLD MUNI,1981-08-05,2014-06-02,CA,US,32.567,-116.967,160
72250012919,BROWNSVILLE/S PADRE ISLAND INTL AP,1947-01-01,2020-04-08,TX,US,25.91459,-97.42314,5.66
72266699999,BROWNWOOD MUNICIPAL,1944-09-01,2014-06-09,TX,US,31.8,-98.95,423
72266693943,BROWNWOOD REGIONAL AIRPORT,2006-01-01,2020-04-08,TX,US,31.8,-98.95,419.71
74911099999,BRUNING AAF,1943-01-01,1945-01-01,NE,US,40.333,-97.417,471
72219199999,BRUNSWICK CO,2004-05-25,2014-06-02,NC,US,33.933,-78.067,8
72219103721,BRUNSWICK COUNTY AIRPORT,2005-01-01,2020-04-08,NC,US,33.92917,-78.07472,7.62
99999993836,BRUNSWICK GLYNN CO A,1945-02-01,1974-07-01,GA,US,31.25,-81.467,9.1
72213699999,BRUNSWICK GOLDEN IS,1973-01-01,2014-06-04,GA,US,31.25,-81.467,8
72213653883,BRUNSWICK GOLDEN ISLES APT,2006-01-01,2020-04-08,GA,US,31.25889,-81.46611,7.92
99999913878,BRUNSWICK MALCOLM MCKINNON AP,1948-12-01,1955-01-01,GA,US,31.152,-81.391,7.3
99999914611,BRUNSWICK NAS,1945-02-01,1972-12-31,ME,US,43.9,-69.933,22.9
99999913905,BRYAN AFB,1948-07-01,1958-06-12,TX,US,30.667,-96.55,84.1
70270000489,BRYANT ARMY AIRFIELD HELIPORT,2013-04-23,2020-04-08,AK,US,61.2658,-149.6533,118.26
70270000489,BRYANT ARMY AIRFIELD HELIPORT,2013-04-23,2020-04-08,AK,US,61.2658,-149.6533,118.26
72475699999,BRYCE CANYON,2000-01-01,2014-06-09,UT,US,37.7,-112.145,2313
72475623159,BRYCE CANYON AIRPORT,1973-01-01,2020-04-08,UT,US,37.70127,-112.14897,2309.87
99999923159,BRYCE CNYN FAA AP,1948-11-01,1972-12-31,UT,US,37.706,-112.146,2313.1
72512464705,BTLR CO/K W SCHOLTER FD AP,2006-01-01,2020-04-08,PA,US,40.77694,-79.94972,380.09
72495023254,BUCHANAN FIELD AIRPORT,2010-08-01,2020-04-08,CA,US,37.99165,-122.05268,7.02
72064499999,BUCKEYE MUNI,2009-07-08,2017-05-22,AZ,US,33.420417,-112.686181,311.2
72064400226,BUCKEYE MUNICIPAL AIRPORT,2013-01-01,2020-04-08,AZ,US,33.417,-112.683,311.2
70063299999,BUCKLAND,2004-07-13,2014-06-09,AK,US,65.983,-161.15,9
70063226645,BUCKLAND AIRPORT,2006-01-01,2020-04-08,AK,US,65.98333,-161.13333,9.14
72469599999,BUCKLEY AFB,2000-01-01,2014-06-09,CO,US,39.7,-104.75,1726
72469523036,BUCKLEY AIR FORCE BASE,1961-03-01,2020-04-08,CO,US,39.71667,-104.75,1726.08
99999953005,BUENA VISTA 2 SSE,2010-07-17,2014-06-01,CO,US,38.811,-106.1219,2417.98
72670499999,BUFFALO,1999-01-14,1999-02-04,WY,US,44.383,-106.717,1514
72662794037,BUFFALO,2001-05-07,2020-04-08,SD,US,45.604294,-103.546996,921.99
72662799999,BUFFALO,1974-08-20,2014-06-08,SD,US,45.6,-103.55,915
99999994081,BUFFALO 13 ESE,2004-09-22,2020-04-08,SD,US,45.516,-103.3017,878.74
99999914733,BUFFALO BUFFALO ARPT,1972-01-01,1972-12-31,NY,US,42.941,-78.736,214.9
72528599999,BUFFALO COAST GUARD STATION,1977-01-30,1996-07-01,NY,US,42.88,-78.88,180
72211499999,BUFFALO MUNI ARPT,2004-05-25,2014-06-04,MN,US,45.167,-93.833,295
72211454901,BUFFALO MUNICIPAL AIRPORT,2005-01-01,2020-04-08,MN,US,45.15917,-93.84333,294.74
72528014733,BUFFALO NIAGARA INTERNATIONAL AP,1942-02-01,2020-04-08,NY,US,42.93998,-78.73606,216.16
72473699999,BULLFROG MARINA,1973-01-03,1990-07-08,UT,US,37.5,-110.7,1110
94999900100,BUNDALEER FOREST RESERVE,2012-09-25,2012-11-20,AR,AS,34.1,-93.066,0
99832399999,BUOY 44057 / SUSQUEHANNA,2013-03-23,2017-12-08,MD,US,39.544,-76.075,3
99844799999,BUOY 44063 / ANNAPOLIS,2013-02-06,2017-12-04,null,US,38.9666666,-76.45,0
99849899999,BUOY 45018 / MONTROSE AVE BEACH,2012-06-20,2012-12-26,null,US,41.9666666,-87.6333333,0
99845399999,BUOY 45022 / LITTLE TRAVERSE BAY,2013-05-21,2017-10-26,null,US,45.4,-85.0833333,178
99845499999,BUOY 45023 / PORTAGE CANAL,2013-06-02,2017-10-30,null,US,47.2833333,-88.6166666,186
99845599999,BUOY 45025 / S ENTRANCE,2013-05-29,2017-11-02,null,US,46.95,-88.4166666,185
99845699999,BUOY 45026 / ST JOSEPH,2013-07-11,2018-04-25,null,US,41.9833333,-86.6166666,185
99845799999,BUOY 45027 / N OF DULUTH,2013-05-09,2017-11-06,null,US,46.8666666,-91.9333333,186
99845899999,BUOY 45028 / W LAKE SUPERIOR,2013-05-09,2017-11-01,null,US,46.8166666,-91.8333333,186
99501599999,BUOY 45163,2013-06-04,2017-10-16,null,null,44,-83.6,179
99501699999,BUOY 45165,2013-05-14,2017-10-26,null,null,41.8,-83.3,176
99501799999,BUOY 45166,2013-07-26,2017-10-19,null,null,45,-73,33
99501899999,BUOY 45170,2013-06-02,2017-11-11,null,null,41.8,-87,179
99846099999,BUOY 46109 / PORT ANGELES,2013-02-06,2013-03-04,null,US,48.1166666,-123.4,2.13
99846299999,BUOY 46111 / FT WORDEN,2013-02-06,2013-03-04,null,US,48.1333333,-122.75,2.74
72288023152,BURBANK-GLENDALE-PASA ARPT,1943-06-01,2020-04-08,CA,US,34.19966,-118.36543,222.73
72288099999,BURBANK/GLENDALE,2000-01-01,2014-06-09,CA,US,34.2,-118.35,236
72524599999,BURKE LAKEFRONT,1973-01-01,2014-06-04,OH,US,41.517,-81.683,178
72586724133,BURLEY MUNICIPAL AIRPORT,1973-01-01,2020-04-08,ID,US,42.54525,-113.7686,1262.87
99999924133,BURLEY MUNICIPAL ARPT,1948-01-01,1965-01-01,ID,US,42.542,-113.766,1267.1
72512114761,BURLIGTON/COLCHE,1985-05-31,1986-08-26,VT,US,40.9,-78.083,593.8
74200699999,BURLINGTON / MT VERN,1985-08-02,2000-01-04,WA,US,48.47,-122.42,43
72317499999,BURLINGTON ALAMANCE,2001-08-15,2014-06-04,NC,US,36.05,-79.467,188
72317493783,BURLINGTON ALAMANCE RGL AP,2006-01-01,2020-04-08,NC,US,36.04751,-79.47375,184.95
99768799999,BURLINGTON DEL RIVER,2006-07-11,2020-04-07,NJ,US,40.08,-74.88,9
72617014742,BURLINGTON INTERNATIONAL AIRPORT,1948-01-01,2020-04-08,VT,US,44.46825,-73.1499,101.08
72205999999,BURLINGTON MUNI,1945-08-01,2014-06-09,WI,US,42.683,-88.3,237
99999914931,BURLINGTON MUNICIPAL AP,1948-01-01,1972-12-31,IA,US,40.783,-91.125,214
72205904866,BURLINGTON MUNICIPAL ARPT,2006-01-01,2020-04-08,WI,US,42.69,-88.30361,237.44
99999914742,BURLNGTN ETAN ALN AP,1965-01-01,1972-12-31,VT,US,44.468,-73.15,103.6
72254299999,BURNET MUNI KATE CR,1997-01-31,2014-06-04,TX,US,30.733,-98.233,391
72254203999,BURNET MUNICIPAL CRADOCK FIELD AIRPORT,2006-01-01,2020-04-08,TX,US,30.74067,-98.23539,386.15
72218399999,BURNETT CO,2004-05-25,2014-06-09,WI,US,45.817,-92.367,301
72218304972,BURNETT COUNTY AIRPORT,2006-01-01,2020-04-08,WI,US,45.8225,-92.3725,301.45
99999924212,BURNEY,1948-01-01,1948-09-27,CA,US,40.883,-121.667,962.6
72595624212,BURNEY,1973-02-26,1974-04-25,CA,US,40.883,-121.667,957
99999924134,BURNS FEDERAL BLDG,1948-01-02,1980-02-14,OR,US,43.583,-119.05,1262.2
99778799999,BURNS HARBOR,2007-01-09,2019-11-24,IN,US,41.65,-87.15,182
72683099999,BURNS MUNI (AMOS),1983-06-14,2014-06-09,OR,US,43.583,-118.95,1271
72683094185,BURNS MUNICIPAL AIRPORT,1973-01-01,2020-04-08,OR,US,43.59486,-118.95788,1262.8
72683894185,BURNS MUNICIPAL ARPT,1980-12-31,1990-12-31,OR,US,43.595,-118.956,1271
72555199999,BURWELL MUNI,1977-09-01,1980-10-29,NE,US,41.783,-99.15,664
74905499999,BUSHNELL FIELD,1944-05-15,1945-09-01,FL,US,28.683,-82.083,27
72521799999,BUTLER CO RGNL,1999-01-14,2014-06-02,OH,US,39.363,-84.521,193
72512499999,BUTLER CO SCHOLTER F,1992-02-26,2014-06-04,PA,US,40.777,-79.95,380
72521753855,BUTLER CO. REGIONAL ARPT,2006-01-01,2020-04-08,OH,US,39.36119,-84.52063,184.7
99999993995,BUTLER FAA AP,1950-01-01,1955-01-01,MO,US,38.3,-94.333,264.9
72095999999,BUTLER MUNI,2011-10-21,2012-10-31,GA,US,32.567644,-84.250747,203.3
72679124135,BUTTE SILVER BOW CO ARPT,1976-03-05,1977-02-25,MT,US,45.965,-112.501,1686.5
99999924135,BUTTE SILVER BOW CO ARPT,1948-01-01,1961-01-01,MT,US,45.965,-112.501,1686.5
72468094015,BUTTS AAF AIRPORT,1966-09-15,2020-04-08,CO,US,38.67833,-104.75667,1779.42
72246999999,C DAVID CAMPBELL FLD,1999-01-14,2014-06-02,TX,US,32.033,-96.4,137
72027999999,C L BROWN JR FLD,2004-05-25,2014-05-14,NC,US,34.6,-78.583,41
72495799999,C M SCHULZ SONOMA CO,1943-04-08,2014-06-02,CA,US,38.517,-122.817,38
69001499999,C STN  WHITE SANDS,1987-01-01,1991-06-11,NM,US,32.35,-106.367,1224
72446313988,C.R. WHEELER DOWNTOWN ARPT,1990-02-08,2020-04-08,MO,US,39.12791,-94.58915,226.18
72032999999,CABLE,2017-12-07,2020-04-07,CA,US,34.111542,-117.687589,438.6
99999914817,CADILLAC WEXFORD CO AP,1948-12-01,1955-01-01,MI,US,44.283,-85.417,398.4
72531499999,CAHOKIA/ST. LOUIS,1981-08-01,2014-06-09,IL,US,38.567,-90.15,126
72226999999,CAIRNS AAF,2000-01-01,2014-06-09,AL,US,31.267,-85.7,92
72226903850,CAIRNS ARMY AIRFIELD (FORT RUCKER),1954-10-19,2020-04-08,AL,US,31.26667,-85.71667,91.74
99999903850,CAIRNS FIELD FORT RUCKER,1971-01-01,1971-01-01,AL,US,31.267,-85.717,91.7
72497593809,CAIRO REGIONAL AIRPORT,2006-01-01,2020-04-08,IL,US,37.06444,-89.21944,97.84
72497599999,CAIRO RGNL,2004-09-04,2014-06-09,IL,US,37.067,-89.217,98
72068199999,CALAVERAS CO MAURY RASMUSSEN FLD,2016-05-26,2020-04-07,CA,US,38.146118,-120.648172,403.86
72240799999,CALCASIEU COAST GUARD STATION,1975-11-18,1982-02-23,LA,US,29.78,-93.35,1
72681399999,CALDWELL (AWOS),1992-04-16,2014-06-02,ID,US,43.633,-116.633,740
72681394195,CALDWELL INDUSTRIAL ARPT,2006-01-01,2020-04-08,ID,US,43.65,-116.63333,740.36
72376199999,CALDWELL MUNI,2005-06-07,2014-05-07,TX,US,30.517,-96.7,119
72376123901,CALDWELL MUNICIPAL AIRPORT,2006-01-01,2020-04-08,TX,US,30.51556,-96.70417,119.18
72049200151,CALEDONIA COUNTY AIRPORT,2009-01-01,2020-04-08,VT,US,44.567,-72.017,362.1
72049299999,CALEDONIA COUNTY AIRPORT,2008-04-22,2017-10-06,VT,US,44.5666666,-72.0166666,362
72220999999,CALHOUN CO,2004-08-03,2014-05-07,TX,US,28.65,-96.683,9
72220912986,CALHOUN COUNTY AIRPORT,2006-01-01,2020-04-08,TX,US,28.65417,-96.68139,9.14
72487099999,CALIENTE  NV.,1977-10-20,2002-11-19,null,US,37.6166666,-114.5166666,1335
72487099999,CALIENTE  NV.,1977-10-20,2002-11-19,null,US,37.6166666,-114.5166666,1335
72241899999,CALUMET (CGS),1987-06-01,1990-07-25,IL,US,41.717,-87.533,180
72503499999,CALVERTON/GRUMMAN,1982-09-27,1991-01-09,NY,US,40.917,-72.783,23
72392699999,CAMARILLO,1992-04-08,2014-06-09,CA,US,34.217,-119.1,23
72392623136,CAMARILLO AIRPORT,2005-01-01,2020-04-08,CA,US,34.21142,-119.08762,21.6
99729799999,CAMBRIDGE  MD,2005-02-18,2020-04-07,MD,US,38.57,-76.07,6
72221899999,CAMBRIDGE DORCHESTER,2006-10-03,2018-05-16,MD,US,38.539325,-76.0304,5.79
72221800356,CAMBRIDGE DORCHESTER AIRPORT,2006-10-03,2020-04-08,MD,US,38.533,-76.033,6.1
72750399999,CAMBRIDGE MUNI,1992-08-27,2014-06-04,MN,US,45.55,-93.267,288
72750304909,CAMBRIDGE MUNICIPAL ARPT,2006-01-01,2020-04-08,MN,US,45.55944,-93.265,288.04
72060399999,CAMDEN/WOODWARD FLD,2009-01-05,2018-04-10,SC,US,34.2833333,-80.5666666,92.04
72094999999,CAMDENTON MEM,2011-06-30,2018-05-15,MO,US,37.973967,-92.691183,323.69
72094999999,CAMDENTON MEM,2011-06-30,2018-05-15,MO,US,37.973967,-92.691183,323.69
72094900329,CAMDENTON MEMORIAL AIRPORT,2011-06-30,2020-02-26,MO,US,37.974,-92.691,324
72094900329,CAMDENTON MEMORIAL AIRPORT,2011-06-30,2020-02-26,MO,US,37.974,-92.691,324
72229399999,CAMERON,1983-05-26,2019-04-16,LA,US,29.784,-93.3,5
72229399999,CAMERON,1983-05-26,2019-04-16,LA,US,29.784,-93.3,5
99999953159,CAMERON 25 SSE,2009-12-16,2014-06-01,AZ,US,35.5037,-111.3445,1465.17
99999912989,CAMERON HELIPORT,2005-06-18,2005-08-25,LA,US,29.78333,-93.3,0.91
72103499999,CAMERON MUNI AIRPARK,2012-05-01,2017-10-05,TX,US,30.879356,-96.971097,122.52
72103400351,CAMERON MUNICIPAL AIRPORT,2012-05-01,2020-04-08,TX,US,30.879,-96.971,123.14
69180499999,CAMP BLANDING,1986-01-19,2010-04-30,FL,US,29.967,-81.983,59
72039999999,CAMP BLANDING AAF,2008-06-02,2014-10-03,FL,US,29.952499,-81.979721,59.74
72282303749,CAMP DAVID,2006-05-01,2019-05-18,MD,US,39.645,-77.468,562.97
72282399999,CAMP DAVID,2004-09-22,2014-06-09,MD,US,39.65,-77.4666666,561.44
74906999999,CAMP DAVIS AAF,1944-02-23,1945-08-20,NC,US,34.5,-77.567,21
99999903109,CAMP MERCURY,1951-02-14,1954-05-01,NV,US,36.95,-116.083,1196
99999903154,CAMP PENDLETON MCAS,1966-07-01,1972-08-03,CA,US,33.3,-117.35,23.8
99999953160,CAMP VERDE 3 N,2010-03-03,2014-06-01,AZ,US,34.6136,-111.8431,1046.68
74671013806,CAMPBELL AAF AIRPORT,1943-07-15,2020-04-08,KY,US,36.66667,-87.48333,174.65
72090799999,CAMPBELL CO,2015-06-09,2020-04-07,TN,US,36.334575,-84.162344,359.66
72246953912,CAMPBELL FLD-CORSICANA MU,2006-01-01,2020-04-08,TX,US,32.03155,-96.39936,135.02
99821299999,CAMPBELL PARK,2008-09-15,2014-12-29,FL,US,27.7666666,-82.65,15
72044599999,CAMPBELLVILLE / TAYLOR CO,2018-07-19,2020-04-07,KY,US,37.358278,-85.309417,280.72
74718603164,CAMPO,2006-01-01,2020-04-08,CA,US,32.6261,-116.4681,804.98
74718699999,CAMPO,1973-01-01,2014-06-09,CA,US,32.633,-116.467,807
99999926619,CANDLE,1948-07-01,1948-09-01,AK,US,65.933,-161.917,7
72085899999,CANDO MUNI,2010-11-18,2017-11-26,ND,US,48.479972,-99.235919,450.49
72085800285,CANDO MUNICIPAL AIRPORT,2010-11-18,2020-04-08,ND,US,48.48,-99.236,450.19
72268699999,CANNON AFB,2000-01-01,2014-06-02,NM,US,34.383,-103.317,1309
72268623008,CANNON AFB AIRPORT,1943-01-25,2020-04-08,NM,US,34.38333,-103.31667,1309.12
99999914743,CANTON 4 SE,1946-01-02,1950-08-16,NY,US,44.583,-75.117,121.9
70264846406,CANTWELL AIRPORT,2006-01-14,2011-08-27,AK,US,63.39139,-148.95556,667.51
70264899999,CANTWELL CANTWELL,1983-11-04,2007-12-31,AK,US,63.4,-148.95,668
72477693075,CANYONLANDS FIELD AIRPORT,2006-01-01,2020-04-08,UT,US,38.75006,-109.76267,1387.13
72477699999,CANYONLANDS FLD,1973-09-21,2014-06-09,UT,US,38.75,-109.75,1388
99999903739,CAPE CHARLES 5 ENE,2004-03-04,2020-04-08,VA,US,37.2907,-75.927,8.84
70199526628,CAPE DARBY REMOT COM OUTLT,2005-01-01,2020-04-08,AK,US,64.55044,-163.00716,7.62
72348999999,CAPE GIRARDEAU RGNL,2010-08-01,2010-08-17,MO,US,37.217,-89.567,107
72329003849,CAPE GIRARDEAU RGNL,1973-01-01,2014-06-10,MO,US,37.087,-84.077,369.1
72348903935,CAPE GIRARDEAU RGNL,1973-01-01,2010-07-31,MO,US,37.225,-89.571,107.3
72329003935,CAPE GIRARDEAU RGNL ARPT,2010-08-01,2020-04-08,MO,US,37.22545,-89.57855,101.81
70305025623,CAPE HEWENHAM LRRS AIRPORT,2006-01-01,2020-04-07,AK,US,58.65,-162.06667,164.9
70104026631,CAPE LISBURNE LRRS AIRPORT,2006-01-01,2020-04-07,AK,US,68.86667,-166.13333,4.88
74596699999,CAPE MAY CO,1992-08-04,2014-06-09,NJ,US,39,-74.9,7
74596603726,CAPE MAY COUNTY AIRPORT,2006-01-10,2020-04-08,NJ,US,39.00833,-74.90806,7.01
70305099999,CAPE NEWENHAM AFS,1953-07-26,2014-05-07,AK,US,58.65,-162.067,161
99999927510,CAPE SIMPSON POW A,1957-11-02,1957-12-31,AK,US,71.05,-154.75,3
72518899999,CAPE VINCENT MARINE AVIATION REP,1980-02-29,1981-04-29,null,US,44.12,-76.33,75
72511814751,CAPITAL CITY AIRPORT,1990-03-01,2020-04-08,PA,US,40.21843,-76.85521,102.15
72423353841,CAPITAL CITY AIRPORT,2006-01-01,2020-04-08,KY,US,38.18463,-84.90393,236.82
72539014836,CAPITAL CITY AIRPORT,1973-01-01,2020-04-08,MI,US,42.77609,-84.59972,261.23
72423399999,CAPITAL CITY ARPT,1997-01-31,2014-06-02,KY,US,38.183,-84.9,245
72470093141,CARBON COUNTY AIRPORT,2006-01-01,2020-04-08,UT,US,39.60886,-110.75547,1777.22
99999993810,CARBONDALE SOUTHERN ILLINOIS A,2005-01-01,2005-12-31,IL,US,37.78,-89.25,126.8
72712014607,CARIBOU MUNICIPAL AIRPORT,1973-01-01,2020-04-08,ME,US,46.87049,-68.01723,188.59
99999914607,CARIBOU MUNICIPAL ARPT,1948-01-01,1972-12-31,ME,US,46.871,-68.017,190.2
72207463840,CARMI MINICIPAL AIRPORT,2006-01-01,2020-04-08,IL,US,38.08944,-88.12306,118.26
72207499999,CARMI MUNI,2004-07-13,2014-05-14,IL,US,38.083,-88.117,118
99202299999,CARR INLET,2013-02-18,2018-04-25,WA,US,47.28,-122.73,3
72073799999,CARRINGTON MUNI,2010-06-10,2018-03-03,ND,US,47.4511111,-99.1513333,489.81
72073700266,CARRINGTON MUNICIPAL AIRPORT,2010-06-10,2020-04-08,ND,US,47.451,-99.151,490.12
99999903082,CARRIZOZO 1 W,2009-07-10,2014-06-01,NM,US,33.6476,-105.8945,1635.56
72069999999,CARROLL CO RGNL JAC,2010-02-18,2014-06-02,MD,US,39.608,-77.008,240
99999903724,CARROLL CO RGNL/JJACK B POAGE FIELD AIRPORT,2007-07-11,2007-07-13,MI,US,39.608,-77.008,240.5
72069903724,CARROLL CO RGNL/JJACK B POAGE FIELD AIRPORT,2011-01-01,2020-04-08,MD,US,39.60806,-77.0075,240.49
72054900171,CARSON AIRPORT,2010-07-14,2020-04-08,NV,US,39.183,-119.733,1432.26
72054999999,CARSON CITY AIRPORT,2010-07-14,2018-02-11,NV,US,39.192222,-119.734444,1431.64
72215699999,CARTERSVILLE,2001-07-05,2014-06-09,GA,US,34.117,-84.85,231
72215653873,CARTERSVILLE AIRPORT,2006-01-01,2020-04-08,GA,US,34.11587,-84.850713,230
72274899999,CASA GRANDE MUNI,1992-04-15,2014-06-04,AZ,US,32.95,-111.767,446
72274803914,CASA GRANDE MUNICIPAL ARPT,2006-01-01,2020-04-08,AZ,US,32.95,-111.76667,445.62
72698799999,CASCADE LOCKS STATE,1973-01-01,2007-04-21,OR,US,45.667,-121.883,46
72698794204,CASCADE LOCKS STATE AIRPORT,2006-03-03,2013-09-30,OR,US,45.68333,-121.88333,46.02
99999924016,CASPER,1948-01-01,1950-03-08,WY,US,42.917,-106.333,1613
99999924089,CASPER NATRONA CO INTL AP,1965-01-01,1972-12-31,WY,US,42.898,-106.474,1612.4
72481099999,CASTLE,2007-03-15,2014-06-02,CA,US,37.380481,-120.568189,57.6
72481023203,CASTLE AFB,1942-01-01,2020-04-08,CA,US,37.38333,-120.56667,58.22
72528399999,CATTARAUGUS CO OLEAN,1987-08-13,2018-05-15,NY,US,42.24125,-78.371389,650.74
72528300465,CATTARAUGUS COUNTY OLEAN AIRPORT,1996-01-12,2020-04-08,NY,US,42.24122,-78.37136,651.05
72085599999,CAVALIER MUNI,2010-11-18,2018-05-15,ND,US,48.783839,-97.631931,271.88
72085500283,CAVALIER MUNICIPAL AIRPORT,2010-11-18,2020-04-08,ND,US,48.784,-97.632,272.19
72268793033,CAVERN CITY AIR TRML ARPT,1942-09-11,2020-04-08,NM,US,32.33355,-104.25846,990.54
72206763823,CECIL FIELD AIRPORT,2006-01-01,2020-04-08,FL,US,30.21861,-81.87639,24.69
99999993832,CECIL FIELD NAS,1947-03-01,1972-12-31,FL,US,30.21667,-81.88333,25.3
72206793832,CECIL FLD,1973-01-01,2014-05-07,FL,US,30.217,-81.883,24.4
72206799999,CECIL FLD,2001-11-14,2014-06-09,FL,US,30.219,-81.877,25
99999953013,CEDAR CITY 18 SSE,2010-08-05,2014-06-01,UT,US,37.4572,-113.2248,1553.26
99999993129,CEDAR CITY MUNICIPAL AP,1948-11-01,1972-12-31,UT,US,37.709,-113.094,1712.4
72475593129,CEDAR CITY REGIONAL ARPT,1973-01-01,2020-04-08,UT,US,37.70672,-113.09698,1703.75
72466699999,CENTENNIAL,1981-12-20,2014-06-09,CO,US,39.57,-104.849,1793
72466693067,CENTENNIAL AIRPORT,2006-01-01,2020-04-08,CO,US,39.5599,-104.84843,1789.17
99999903084,CENTER A 4 SSW,2009-11-03,2014-06-01,CO,US,37.7068,-106.1444,2340.25
72227499999,CENTERVILLE MUNI,2009-06-01,2018-05-15,IA,US,40.684,-92.901,313
72227454939,CENTERVILLE MUNICIPAL AIRPORT,2009-05-10,2020-04-08,IA,US,40.684,-92.901,311.84
70197099999,CENTRAL,2005-01-01,2007-12-31,AK,US,65.4833333,-144.6666666,252
70104626418,CENTRAL AIRPORT,2004-08-31,2011-03-31,AK,US,65.5667,-144.7653,280.42
72052803064,CENTRAL COLORADO REGIONAL AP,2010-04-01,2020-04-08,CO,US,38.6975,-106.07,2421.94
72052899999,CENTRAL COLORADO RGNL,2010-05-01,2017-08-03,CO,US,38.8166666,-106.1166666,2423
72439754831,CENTRAL ILLINOIS REGIONAL AIRPORT,2006-01-01,2020-04-08,IL,US,40.48333,-88.95,263.65
72439799999,CENTRAL ILLINOIS RG,1976-04-13,2014-06-09,IL,US,40.467,-88.917,265
72552014935,CENTRAL NEBRASKA REGIONAL AIRPORT,1973-01-01,2020-04-08,NE,US,40.96146,-98.31304,561.67
99999926418,CENTRAL NO 2,1948-07-01,1948-08-31,AK,US,65.567,-144.765,284.1
72646599999,CENTRAL WISCONSIN,1973-01-01,2014-06-09,WI,US,44.783,-89.667,389
72646594890,CENTRAL WISCONSIN AIRPORT,2006-01-01,2020-04-08,WI,US,44.78333,-89.66667,389.23
74465799999,CENTRALIA MUNI,2002-06-03,2014-06-09,IL,US,38.515,-89.091,163
74465753887,CENTRALIA MUNICIPAL ARPT,2006-01-01,2020-04-08,IL,US,38.51472,-89.09194,162.76
99999903881,CENTREVILLE WSMO,1983-11-01,1983-12-31,AL,US,32.9,-87.25,138.1
72563699999,CHADRON MUNI,2000-01-01,2014-06-04,NE,US,42.833,-103.1,1005
72563624017,CHADRON MUNICIPAL AIRPORT,1973-01-01,2020-04-08,NE,US,42.83736,-103.09806,1003.03
99999924017,CHADRON MUNICIPAL AP,1948-01-01,1955-01-01,NE,US,42.837,-103.098,1004.6
72214299999,CHALLIS,2004-05-25,2017-10-05,ID,US,44.517,-114.218,1546
72783399999,CHALLIS  CHALLIS AIRPORT,1982-04-29,1998-10-08,ID,US,44.52,-114.22,1534
72783304114,CHALLIS (AMOS),2001-09-01,2019-07-10,ID,US,44.523,-114.215,1536.2
72214204114,CHALLIS AIRPORT,2005-01-01,2020-04-07,ID,US,44.523,-114.21612,1534.13
72367599999,CHAMA AWRS,1984-10-03,2001-02-18,NM,US,36.8833333,-106.5666666,2393
72367593092,CHAMA AWRS,2008-02-05,2010-07-23,NM,US,36.9,-106.583,2393
72653099999,CHAMBERLAIN (AMOS),1978-03-12,2014-06-04,SD,US,43.8,-99.317,530
72653094943,CHAMBERLAIN MUNI AIRPORT,2006-01-01,2020-04-08,SD,US,43.76667,-99.31833,519.07
99821699999,CHAMBERS ISLAND,2008-09-17,2020-01-21,WI,US,45.2,-87.35,181
99999954808,CHAMPAIGN 9 SW,2002-12-22,2020-04-08,IL,US,40.0528,-88.3729,213.36
72652599999,CHAN GURNEY MUNI,1973-01-01,2014-06-02,SD,US,42.917,-97.383,398
72652594911,CHAN GURNEY MUNICIPAL ARPT,2006-01-01,2020-04-08,SD,US,42.87856,-97.36361,357.23
70174599999,CHANDALAR LAKE,1975-11-07,2007-12-31,AK,US,67.5,-148.483,585
70174526480,CHANDALAR LAKE AIRPORT,2006-01-01,2011-06-16,AK,US,67.5111,-148.4925,577.6
70086999999,CHANDALAR SHELF,1975-03-31,1975-03-31,AK,US,68.067,-149.583,982
72655714910,CHANDLER FIELD AIRPORT,1973-01-01,2020-04-08,MN,US,45.86801,-95.39399,432.78
72274999999,CHANDLER MUNI,1999-01-14,2014-06-09,AZ,US,33.267,-111.817,379
72209953936,CHANDLER MUNICIPAL AIRPORT,2006-01-01,2020-04-08,OK,US,35.72361,-96.82,299.92
72274953128,CHANDLER MUNICIPAL AIRPORT,2006-01-01,2020-04-08,AZ,US,33.26889,-111.81278,378.87
72209999999,CHANDLER RGNL,2004-07-13,2014-06-02,OK,US,35.717,-96.817,300
99999913981,CHANUTE MARTIN JOHNSON AP,1948-01-01,1965-01-01,KS,US,37.67,-95.484,308.2
72450713981,CHANUTE MARTIN JOHNSON APT,1973-01-01,2020-04-08,KS,US,37.6705,-95.48462,298.77
72546999999,CHARITON MUNI,1995-04-30,2014-05-14,IA,US,41.017,-93.367,320
72546904913,CHARITON MUNICIPAL AIRPORT,2006-01-01,2020-04-08,IA,US,41.01944,-93.35944,320.04
72446399999,CHARLES B WHEELER D,1948-01-01,2014-06-02,MO,US,39.117,-94.583,231
72546399999,CHARLES CITY MUNI,1995-04-30,2014-06-04,IA,US,43.067,-92.617,343
72546314966,CHARLES CITY MUNICIPAL APT,2006-01-01,2020-04-08,IA,US,43.072504,-92.610809,342.9
99999913880,CHARLESTON,1971-01-01,1972-12-31,SC,US,32.899,-80.04,14.6
72208013880,CHARLESTON AFB/INTERNATIONAL AIRPORT,1945-01-01,2020-04-08,SC,US,32.89945,-80.0407,11.84
72060699999,CHARLESTON EXECUTIVE,2009-01-05,2018-03-22,SC,US,32.700861,-80.002917,5.18
72060600198,CHARLESTON EXECUTIVE AIRPORT,2010-01-01,2020-04-08,SC,US,32.701,-80.003,5.18
99999913866,CHARLESTON KANAWHA ARPT,1949-02-01,1972-12-31,WV,US,38.379,-81.59,299.3
72208613758,CHARLESTON NAS,1973-02-01,1980-07-30,SC,US,32.85,-79.95,1
99999913758,CHARLESTON NAS,1945-03-01,1945-08-07,SC,US,32.85,-79.933,2.1
72743499999,CHARLEVOIX MUNI,2002-04-23,2014-06-02,MI,US,45.3,-85.267,204
72743404870,CHARLEVOIX MUNICIPAL ARPT,2006-01-01,2020-04-08,MI,US,45.30472,-85.27472,196.9
72097999999,CHARLIE (GERING),2013-02-26,2020-04-07,NE,US,41.5833333,-103.666666,1370.99
72101399999,CHARLIE (RUSO),2012-09-26,2020-04-07,ND,US,47.714453,-101.010044,598.63
72099699999,CHARLIE (STANFORD),2012-06-02,2020-04-07,MT,US,47.1,-110.166666,1336.55
72028499999,CHARLOTTE,2004-05-25,2014-06-09,MI,US,42.567,-84.817,271
72203499999,CHARLOTTE CO,1944-01-04,2014-06-02,FL,US,26.92,-81.983,8
72203412812,CHARLOTTE COUNTY AIRPORT,2006-01-01,2020-04-08,FL,US,26.91847,-81.99391,6.13
99999913881,CHARLOTTE DOUGLAS MUNICIPAL A,1948-01-01,1972-12-31,NC,US,35.224,-80.955,234.4
72314013881,CHARLOTTE/DOUGLAS INTERNATIONAL AP,1941-07-22,2020-04-08,NC,US,35.22254,-80.95433,222.64
99999903759,CHARLOTTESVILLE 2 SSE,2007-03-30,2020-04-08,VA,US,37.9975,-78.4656,358.75
72401699999,CHARLOTTESVILLE ALB,2000-01-01,2014-06-09,VA,US,38.133,-78.45,195
72401693736,CHARLOTTESVILLE ALBEMARLE ARPT,1973-01-01,2020-04-08,VA,US,38.1374,-78.45513,192.33
99999993736,CHARLOTTESVILLE FAA,1961-04-21,1965-01-01,VA,US,38.139,-78.453,196.3
72255612925,CHASE NAVAL AIR STATION,1973-01-01,1992-10-01,TX,US,28.36667,-97.66667,20.12
72523599999,CHATAUQUA CO JAMESTO,1973-01-01,2014-06-02,NY,US,42.153,-79.258,525
99999954810,CHATHAM 1 SE,2004-11-10,2020-04-08,MI,US,46.3345,-86.92,266.7
72505599999,CHATHAM COAST GUARD STATION,1975-09-16,1996-04-08,MA,US,41.67,-69.95,1
72506999999,CHATHAM MUNI,1975-09-16,2014-06-09,MA,US,41.683,-69.983,21
72506994624,CHATHAM MUNICIPAL AIRPORT,2006-01-01,2020-04-08,MA,US,41.68778,-69.99318,18.49
99999913882,CHATTANOOGA LOVELL FIELD AP,1948-01-01,1972-12-31,TN,US,35.031,-85.201,209.7
74498999999,CHAUTAUQUA CO DUNKIR,2000-01-01,2014-06-09,NY,US,42.493,-79.272,211
74498914747,CHAUTAUQUA CO/DUNKIRK ARPT,1999-01-14,2020-04-08,NY,US,42.4932,-79.27623,203.92
72523504720,CHAUTAUQUA CO/JAMESTOWN AP,2006-01-01,2020-04-08,NY,US,42.15,-79.25,525.17
99729899999,CHEASAPEAKE BIO LAB,2005-02-18,2008-10-02,VA,US,38.317,-76.45,10
99730099999,CHEASAPEAKE CITY,2010-07-15,2020-04-07,MD,US,39.52,-75.8,10
69026099999,CHEBOYGAN,1980-06-19,1980-06-20,MI,US,45.65,-84.467,176
72032199999,CHEBOYGAN CO,2004-05-25,2014-06-09,MI,US,45.65,-84.517,195
72032104893,CHEBOYGAN COUNTY AIRPORT,2006-01-01,2020-04-08,MI,US,45.65361,-84.51917,193.55
72025499999,CHEHALIS CENTRALIA,2007-02-16,2018-05-14,WA,US,46.677031,-122.982747,53.64
72025400119,CHEHALIS CENTRALIA AIRPORT,2007-02-16,2020-04-08,WA,US,46.683,-122.983,54.25
72240499999,CHENAULT AIRPARK,2000-01-01,2014-06-09,LA,US,30.217,-93.15,5
72240413941,CHENNAULT INTERNATIONAL AP,1988-01-07,2020-04-08,LA,US,30.21028,-93.14333,5.18
72060599999,CHERAW,2009-01-05,2018-05-15,SC,US,34.7166666,-79.95,73
72060500197,CHERAW MUNICIPAL LYNCH BELLINGER FIELD,2009-01-05,2020-04-08,SC,US,34.717,-79.95,73.15
72029853971,CHEROKEE COUNTY AIRPORT,2006-01-01,2020-04-08,TX,US,31.86944,-95.2175,206.35
72210999999,CHEROKEE COUNTY AIRPORT,2004-05-25,2014-06-09,GA,US,34.3,-84.417,372
72210900355,CHEROKEE COUNTY AIRPORT,2005-01-01,2020-04-08,GA,US,34.317,-84.417,372.16
72034499999,CHEROKEE MUNI,2005-04-06,2014-06-09,IA,US,42.733,-95.55,374
72034454920,CHEROKEE MUNICIPAL AIRPORT/,2006-01-01,2020-04-08,IA,US,42.73167,-95.55583,373.68
72638714850,CHERRY CAPITAL AIRPORT,1973-01-01,2020-04-08,MI,US,44.73895,-85.5679,185.21
72309013754,CHERRY POINT MCAS,1973-01-01,2020-04-08,NC,US,34.9,-76.88333,8.84
99999913754,CHERRY POINT MCAS,1945-03-01,1972-12-31,NC,US,34.9,-76.883,8.8
99999993776,CHERRY POINT/MCAS ASOS 2,2015-06-06,2016-01-29,NC,US,34.88333,-76.86667,9.14
99801799999,CHESAPEAKE BAY,2007-10-16,2020-04-07,VA,US,37.4166666,-76.7166666,11
99799499999,CHESAPEAKE BAY,2007-10-16,2020-01-23,MD,US,38.7666666,-76.7,3
99999993818,CHESAPEAKE HUNTINGTON AP,1948-01-01,1961-01-03,OH,US,38.417,-82.5,170.7
72400603701,CHESAPEAKE REGIONAL ARPT,2006-01-01,2020-04-08,VA,US,36.66556,-76.32056,6.1
72400699999,CHESAPEAKE RGNL,2001-08-16,2014-06-02,VA,US,36.667,-76.317,6
72059999999,CHESTER,2009-01-05,2018-02-07,SC,US,34.7833333,-81.2,200
72054500169,CHESTER AIRPORT,2009-01-01,2020-04-08,CT,US,41.384,-72.506,127.1
72054599999,CHESTER AIRPORT,2008-08-17,2018-03-22,CT,US,41.383903,-72.505894,126.79
72059900192,CHESTER CATAWBA REGIONAL AIRPORT,2009-01-05,2020-04-08,SC,US,34.783,-81.2,200.25
72040800136,CHESTER COUNTY GO CARLSON AIRPORT,2007-12-04,2020-04-08,PA,US,39.983,-75.867,201.17
72049899999,CHESTERFIELD AIRPORT,2010-05-17,2018-05-14,VA,US,37.4,-77.5166666,72.23
72049800153,CHESTERFIELD COUNTY AIRPORT,2010-05-17,2020-04-08,VA,US,37.4,-77.517,72.24
72683499999,CHETCO RIVER COAST GUARD STATION,1977-11-08,1989-12-04,OR,US,42.15,-124.27,6
70133899999,CHEVAK AIRPORT,2009-02-11,2020-04-07,AK,US,61.5333333,-165.5833333,22.86
72564024018,CHEYENNE AIRPORT,1948-01-01,2020-04-08,WY,US,41.15788,-104.80814,1864.85
72043799999,CHEYENNE CO MUNI,2012-04-23,2018-05-14,KS,US,39.761056,-101.795917,1039.67
72043700143,CHEYENNE COUNTY MUNICIPAL AIRPORT,2012-04-23,2020-04-08,KS,US,39.767,-101.8,1040.28
72064299999,CHEYENNE MTN AS,2012-11-20,2020-04-07,CO,US,38.75,-104.85,2114
99999924018,CHEYENNE MUNICIPAL ARPT,1971-01-01,1972-12-31,WY,US,41.15,-104.817,1871.5
99733899999,CHICAGO,2005-03-22,2020-04-07,IL,US,42,-87.5,202
72534499999,CHICAGO / CALUMET COAST GUARD ST,1994-03-03,1996-06-30,null,US,41.72,-87.53,180
99999994866,CHICAGO MEIGS FIELD,1966-01-01,1970-07-01,IL,US,41.867,-87.617,180.1
99999914819,CHICAGO MIDWAY AP,1948-01-01,1972-12-31,IL,US,41.786,-87.752,188.4
72534014819,CHICAGO MIDWAY INTL ARPT,1973-01-01,2020-04-08,IL,US,41.78412,-87.75514,185.82
72530094846,CHICAGO O'HARE INTERNATIONAL AIRPORT,1946-10-09,2020-04-08,IL,US,41.96017,-87.93164,204.81
99999994846,CHICAGO OHARE INTL AP,1970-01-01,1972-12-31,IL,US,41.995,-87.934,205.4
72534699999,CHICAGO/MEIGS,2000-01-01,2003-04-04,IL,US,41.8666667,-87.6,181
72534694866,CHICAGO/MEIGS,1973-01-01,1999-12-31,IL,US,41.867,-87.6,181
72534799999,CHICAGO/WAUKEGAN,1989-08-08,2014-06-09,IL,US,42.417,-87.867,222
72207199999,CHICKASHA MUNI,2004-12-28,2014-06-09,OK,US,35.1,-97.967,351
72207153935,CHICKASHA MUNICIPAL ARPT,2006-01-01,2020-04-08,OK,US,35.09611,-97.96611,350.52
72497099999,CHICO CALIFORNIA MAP,1942-05-06,1976-02-25,CA,US,39.783,-121.85,69
72497399999,CHICO MUNI,1942-05-06,2014-06-09,CA,US,39.8,-121.867,73
72497199999,CHICO MUNICIPAL   &,1976-03-07,1989-09-16,CA,US,39.783,-121.85,73
72497393203,CHICO MUNICIPAL AIRPORT,2009-03-14,2020-04-08,CA,US,39.8,-121.85,82.91
74491099999,CHICOPEE FALLS/WEST,2000-01-01,2014-06-04,MA,US,42.2,-72.533,75
72533999999,CHIGAGO-WAUKEE ARPT,2001-08-15,2002-06-21,IL,US,42.117,-87.9,197
72360423007,CHILDRESS MUNICIPAL,1980-09-10,2010-07-31,TX,US,34.427,-100.283,595
72360499999,CHILDRESS MUNICIPAL,2010-08-01,2010-08-17,TX,US,34.433,-100.283,595
72360123007,CHILDRESS MUNICIPAL AP,1943-02-15,1980-09-01,TX,US,34.427,-100.283,595
72366023007,CHILDRESS MUNICIPAL ARPT,1943-02-15,2020-04-08,TX,US,34.42747,-100.28391,593.94
99999913982,CHILLICOTHE,1948-01-01,1951-01-01,MO,US,39.783,-93.5,232.9
99999913301,CHILLICOTHE 22 ENE,2005-06-12,2020-04-08,MO,US,39.8668,-93.147,253.9
72446499999,CHILLICOTHE AGRI-SC,2001-05-07,2014-06-09,MO,US,39.817,-93.583,234
74612093104,CHINA LAKE,1973-01-01,2020-04-08,CA,US,35.686254,-117.690911,680.01
99999993104,CHINA LAKE NAF,1945-04-01,1972-11-30,CA,US,35.688,-117.693,695.9
99999913755,CHINCOTEAGUE NAS,1945-03-01,1959-03-16,VA,US,37.933,-75.433,14.9
72289999999,CHINO,1998-05-21,2014-06-02,CA,US,33.967,-117.633,199
72289903179,CHINO AIRPORT,2006-01-01,2020-04-08,CA,US,33.97563,-117.62487,193.94
